Cód. Cota,Categoria,Crédito,Entrada,Nº Parcelas,Vlr Parcela,Saldo devedor,Fundo comum,Ref. garantia,Administradora,Status
531,Imóvel,"R$60.052,30","R$25.401,31",228,"R$334,18","R$76.193,04","R$0,00","R$0,00",Santander,Disponível
74,Imóvel,"R$61.000,00","R$21.325,00",96,"R$774,00","R$74.304,00","R$0,00","R$0,00",CNP Consórcio,Disponível
350,Imóvel,"R$61.500,00","R$26.337,50",148,"R$402,00","R$59.496,00","R$0,00","R$0,00",Caixa,Disponível
119,Imóvel,"R$63.900,00","R$23.147,50",149,"R$506,00","R$75.394,00","R$0,00","R$0,00",HS Consórcios,Disponível
122,Imóvel,"R$64.450,00","R$23.861,25",150,"R$517,00","R$77.550,00","R$0,00","R$0,00",HS Consórcios,Disponível
199,Imóvel,"R$65.800,00","R$25.895,00",144,"R$603,00","R$86.832,00","R$0,00","R$0,00",HS Consórcios,Disponível
126,Imóvel,"R$66.000,00","R$25.850,00",144,"R$534,00","R$76.896,00","R$0,00","R$0,00",HS Consórcios,Disponível
139,Imóvel,"R$66.050,00","R$24.651,25",136,"R$545,00","R$74.120,00","R$0,00","R$0,00",HS Consórcios,Disponível
182,Imóvel,"R$66.100,00","R$25.852,50",129,"R$565,00","R$72.885,00","R$0,00","R$0,00",HS Consórcios,Disponível
128,Imóvel,"R$66.300,00","R$24.257,50",140,"R$538,00","R$75.320,00","R$0,00","R$0,00",HS Consórcios,Disponível
135,Imóvel,"R$66.500,00","R$23.962,50",133,"R$545,00","R$72.485,00","R$0,00","R$0,00",HS Consórcios,Disponível
109,Imóvel,"R$66.850,00","R$26.771,25",149,"R$515,00","R$76.735,00","R$0,00","R$0,00",HS Consórcios,Disponível
191,Imóvel,"R$67.650,00","R$26.641,25",129,"R$589,00","R$75.981,00","R$0,00","R$0,00",HS Consórcios,Disponível
168,Imóvel,"R$68.100,00","R$27.052,50",139,"R$572,00","R$79.508,00","R$0,00","R$0,00",HS Consórcios,Disponível
185,Imóvel,"R$68.350,00","R$27.208,75",129,"R$588,00","R$75.852,00","R$0,00","R$0,00",HS Consórcios,Disponível
156,Imóvel,"R$68.850,00","R$27.621,25",137,"R$575,00","R$78.775,00","R$0,00","R$0,00",HS Consórcios,Disponível
582,Imóvel,"R$70.000,00","R$36.150,00",194,"R$378,00","R$73.332,00","R$0,00","R$0,00",Portobens,Disponível
589,Imóvel,"R$70.000,00","R$37.250,00",194,"R$444,00","R$86.136,00","R$0,00","R$0,00",Portobens,Disponível
581,Imóvel,"R$70.500,00","R$36.262,50",194,"R$379,00","R$73.526,00","R$0,00","R$0,00",Portobens,Disponível
574,Imóvel,"R$71.000,00","R$36.275,00",183,"R$399,00","R$73.017,00","R$0,00","R$0,00",Portobens,Disponível
186,Imóvel,"R$71.550,00","R$26.788,75",143,"R$616,00","R$88.088,00","R$0,00","R$0,00",HS Consórcios,Disponível
91,Imóvel,"R$72.050,00","R$28.751,25",171,"R$530,00","R$90.630,00","R$0,00","R$0,00",HS Consórcios,Disponível
181,Imóvel,"R$72.050,00","R$28.101,25",124,"R$615,00","R$76.260,00","R$0,00","R$0,00",HS Consórcios,Disponível
95,Imóvel,"R$72.950,00","R$28.823,75",171,"R$545,00","R$93.195,00","R$0,00","R$0,00",HS Consórcios,Disponível
205,Imóvel,"R$72.950,00","R$28.223,75",119,"R$676,00","R$80.444,00","R$0,00","R$0,00",HS Consórcios,Disponível
608,Imóvel,"R$73.000,00","R$37.840,00",195,"R$375,40","R$73.203,00","R$0,00","R$0,00",Portobens,Disponível
169,Imóvel,"R$73.000,00","R$29.125,00",133,"R$617,00","R$82.061,00","R$0,00","R$0,00",HS Consórcios,Disponível
220,Imóvel,"R$73.700,00","R$29.542,50",119,"R$789,00","R$93.891,00","R$0,00","R$0,00",HS Consórcios,Disponível
120,Imóvel,"R$73.750,00","R$27.843,75",165,"R$586,00","R$96.690,00","R$0,00","R$0,00",HS Consórcios,Disponível
601,Imóvel,"R$73.871,00","R$35.281,57",180,"R$467,40","R$84.132,00","R$0,00","R$0,00",Portobens,Disponível
585,Imóvel,"R$73.900,00","R$38.547,50",181,"R$467,40","R$84.599,40","R$0,00","R$0,00",Portobens,Disponível
175,Imóvel,"R$73.950,00","R$28.198,75",144,"R$629,00","R$90.576,00","R$0,00","R$0,00",HS Consórcios,Disponível
592,Imóvel,"R$74.100,00","R$40.252,50",181,"R$470,00","R$85.070,00","R$0,00","R$0,00",Portobens,Disponível
204,Imóvel,"R$74.250,00","R$28.756,25",116,"R$687,00","R$79.692,00","R$0,00","R$0,00",HS Consórcios,Disponível
215,Imóvel,"R$74.500,00","R$28.462,50",119,"R$724,00","R$86.156,00","R$0,00","R$0,00",HS Consórcios,Disponível
353,Imóvel,"R$74.646,83","R$32.402,97",116,"R$636,80","R$73.868,80","R$0,00","R$0,00",HS Consórcios,Disponível
377,Imóvel,"R$74.700,00","R$36.167,50",116,"R$636,80","R$73.868,80","R$0,00","R$0,00",HS Consórcios,Disponível
210,Imóvel,"R$75.000,00","R$29.125,00",119,"R$698,00","R$83.062,00","R$0,00","R$0,00",HS Consórcios,Disponível
219,Imóvel,"R$75.000,00","R$29.625,00",119,"R$764,00","R$90.916,00","R$0,00","R$0,00",HS Consórcios,Disponível
212,Imóvel,"R$75.750,00","R$28.493,75",112,"R$713,00","R$79.856,00","R$0,00","R$0,00",HS Consórcios,Disponível
108,Imóvel,"R$76.150,00","R$29.003,75",163,"R$586,00","R$95.518,00","R$0,00","R$0,00",HS Consórcios,Disponível
157,Imóvel,"R$76.350,00","R$30.508,75",153,"R$638,00","R$97.614,00","R$0,00","R$0,00",HS Consórcios,Disponível
158,Imóvel,"R$76.350,00","R$30.508,75",153,"R$638,00","R$97.614,00","R$0,00","R$0,00",HS Consórcios,Disponível
164,Imóvel,"R$76.350,00","R$30.458,75",153,"R$641,00","R$98.073,00","R$0,00","R$0,00",HS Consórcios,Disponível
166,Imóvel,"R$76.350,00","R$30.458,75",153,"R$641,00","R$98.073,00","R$0,00","R$0,00",HS Consórcios,Disponível
180,Imóvel,"R$76.450,00","R$29.811,25",153,"R$652,00","R$99.756,00","R$0,00","R$0,00",HS Consórcios,Disponível
112,Imóvel,"R$76.750,00","R$28.568,75",158,"R$596,00","R$94.168,00","R$0,00","R$0,00",HS Consórcios,Disponível
189,Imóvel,"R$77.050,00","R$30.576,25",127,"R$668,00","R$84.836,00","R$0,00","R$0,00",HS Consórcios,Disponível
152,Imóvel,"R$77.400,00","R$31.085,00",156,"R$644,00","R$100.464,00","R$0,00","R$0,00",HS Consórcios,Disponível
100,Imóvel,"R$78.000,00","R$29.050,00",165,"R$592,00","R$97.680,00","R$0,00","R$0,00",HS Consórcios,Disponível
107,Imóvel,"R$78.350,00","R$29.308,75",159,"R$602,00","R$95.718,00","R$0,00","R$0,00",HS Consórcios,Disponível
163,Imóvel,"R$78.450,00","R$28.911,25",155,"R$658,00","R$101.990,00","R$0,00","R$0,00",HS Consórcios,Disponível
153,Imóvel,"R$78.550,00","R$31.563,75",153,"R$654,00","R$100.062,00","R$0,00","R$0,00",HS Consórcios,Disponível
149,Imóvel,"R$78.600,00","R$31.215,00",152,"R$653,00","R$99.256,00","R$0,00","R$0,00",HS Consórcios,Disponível
137,Imóvel,"R$78.700,00","R$31.467,50",149,"R$647,00","R$96.403,00","R$0,00","R$0,00",HS Consórcios,Disponível
131,Imóvel,"R$78.800,00","R$31.770,00",153,"R$643,00","R$98.379,00","R$0,00","R$0,00",HS Consórcios,Disponível
117,Imóvel,"R$79.000,00","R$29.425,00",158,"R$615,00","R$97.170,00","R$0,00","R$0,00",HS Consórcios,Disponível
124,Imóvel,"R$79.000,00","R$31.475,00",153,"R$639,00","R$97.767,00","R$0,00","R$0,00",HS Consórcios,Disponível
176,Imóvel,"R$79.000,00","R$31.125,00",141,"R$672,00","R$94.752,00","R$0,00","R$0,00",HS Consórcios,Disponível
110,Imóvel,"R$79.100,00","R$30.277,50",160,"R$611,00","R$97.760,00","R$0,00","R$0,00",HS Consórcios,Disponível
136,Imóvel,"R$79.100,00","R$28.827,50",146,"R$650,00","R$94.900,00","R$0,00","R$0,00",HS Consórcios,Disponível
174,Imóvel,"R$79.150,00","R$28.978,75",156,"R$672,00","R$104.832,00","R$0,00","R$0,00",HS Consórcios,Disponível
192,Imóvel,"R$79.200,00","R$28.980,00",156,"R$697,00","R$108.732,00","R$0,00","R$0,00",HS Consórcios,Disponível
360,Imóvel,"R$79.300,00","R$35.282,50",138,"R$568,06","R$78.392,28","R$0,00","R$0,00",Itaú,Disponível
616,Imóvel,"R$79.679,00","R$30.000,00",53,"R$1.388,43","R$73.586,79","R$0,00","R$0,00",Embracon,Disponível
143,Imóvel,"R$79.700,00","R$28.992,50",134,"R$659,00","R$88.306,00","R$0,00","R$0,00",HS Consórcios,Disponível
148,Imóvel,"R$79.700,00","R$29.892,50",134,"R$662,00","R$88.708,00","R$0,00","R$0,00",HS Consórcios,Disponível
118,Imóvel,"R$80.250,00","R$32.306,25",147,"R$625,00","R$91.875,00","R$0,00","R$0,00",HS Consórcios,Disponível
218,Imóvel,"R$80.700,00","R$31.767,50",124,"R$798,00","R$98.952,00","R$0,00","R$0,00",HS Consórcios,Disponível
116,Imóvel,"R$80.800,00","R$30.020,00",153,"R$628,00","R$96.084,00","R$0,00","R$0,00",HS Consórcios,Disponível
159,Imóvel,"R$80.950,00","R$31.773,75",133,"R$677,00","R$90.041,00","R$0,00","R$0,00",HS Consórcios,Disponível
79,Imóvel,"R$81.000,00","R$28.525,00",163,"R$642,86","R$104.786,18","R$0,00","R$0,00",Embracon,Disponível
206,Imóvel,"R$81.050,00","R$31.926,25",142,"R$753,00","R$106.926,00","R$0,00","R$0,00",HS Consórcios,Disponível
590,Imóvel,"R$81.100,00","R$43.927,50",194,"R$504,00","R$97.776,00","R$0,00","R$0,00",Portobens,Disponível
196,Imóvel,"R$81.450,00","R$30.536,25",130,"R$740,00","R$96.200,00","R$0,00","R$0,00",HS Consórcios,Disponível
201,Imóvel,"R$81.900,00","R$31.997,50",144,"R$752,00","R$108.288,00","R$0,00","R$0,00",HS Consórcios,Disponível
197,Imóvel,"R$82.250,00","R$30.556,25",131,"R$748,00","R$97.988,00","R$0,00","R$0,00",HS Consórcios,Disponível
214,Imóvel,"R$82.350,00","R$32.258,75",131,"R$781,00","R$102.311,00","R$0,00","R$0,00",HS Consórcios,Disponível
146,Imóvel,"R$82.400,00","R$30.810,00",132,"R$684,00","R$90.288,00","R$0,00","R$0,00",HS Consórcios,Disponível
132,Imóvel,"R$82.800,00","R$31.470,00",140,"R$676,00","R$94.640,00","R$0,00","R$0,00",HS Consórcios,Disponível
171,Imóvel,"R$83.050,00","R$30.626,25",141,"R$704,00","R$99.264,00","R$0,00","R$0,00",HS Consórcios,Disponível
145,Imóvel,"R$83.150,00","R$33.428,75",135,"R$688,00","R$92.880,00","R$0,00","R$0,00",HS Consórcios,Disponível
162,Imóvel,"R$83.250,00","R$33.481,25",149,"R$697,00","R$103.853,00","R$0,00","R$0,00",HS Consórcios,Disponível
193,Imóvel,"R$83.250,00","R$32.781,25",127,"R$735,00","R$93.345,00","R$0,00","R$0,00",HS Consórcios,Disponível
167,Imóvel,"R$83.600,00","R$32.990,00",137,"R$702,00","R$96.174,00","R$0,00","R$0,00",HS Consórcios,Disponível
142,Imóvel,"R$83.800,00","R$33.095,00",137,"R$692,00","R$94.804,00","R$0,00","R$0,00",HS Consórcios,Disponível
198,Imóvel,"R$84.800,00","R$31.820,00",116,"R$774,00","R$89.784,00","R$0,00","R$0,00",HS Consórcios,Disponível
351,Imóvel,"R$84.950,00","R$36.623,75",91,"R$812,00","R$73.892,00","R$0,00","R$0,00",HS Consórcios,Disponível
348,Imóvel,"R$85.000,00","R$35.375,00",91,"R$857,00","R$77.987,00","R$0,00","R$0,00",HS Consórcios,Disponível
133,Imóvel,"R$85.000,00","R$32.525,00",136,"R$696,00","R$94.656,00","R$0,00","R$0,00",HS Consórcios,Disponível
211,Imóvel,"R$85.350,00","R$32.883,75",110,"R$797,00","R$87.670,00","R$0,00","R$0,00",HS Consórcios,Disponível
60,Imóvel,"R$85.583,00","R$31.789,58",86,"R$867,00","R$74.562,00","R$0,00","R$0,00",Magalu,Disponível
103,Imóvel,"R$86.000,00","R$31.950,00",156,"R$688,00","R$107.328,00","R$0,00","R$0,00",Caixa,Disponível
101,Imóvel,"R$86.200,00","R$31.955,00",154,"R$706,00","R$108.724,00","R$0,00","R$0,00",Caixa,Disponível
127,Imóvel,"R$86.250,00","R$34.556,25",138,"R$698,00","R$96.324,00","R$0,00","R$0,00",HS Consórcios,Disponível
586,Imóvel,"R$87.200,00","R$42.180,00",184,"R$555,00","R$102.120,00","R$0,00","R$0,00",Caixa,Disponível
178,Imóvel,"R$87.250,00","R$32.731,25",128,"R$744,00","R$95.232,00","R$0,00","R$0,00",HS Consórcios,Disponível
177,Imóvel,"R$89.100,00","R$33.777,50",123,"R$758,00","R$93.234,00","R$0,00","R$0,00",HS Consórcios,Disponível
106,Imóvel,"R$89.650,00","R$36.191,25",146,"R$688,00","R$100.448,00","R$0,00","R$0,00",HS Consórcios,Disponível
200,Imóvel,"R$90.300,00","R$35.657,50",118,"R$828,00","R$97.704,00","R$0,00","R$0,00",HS Consórcios,Disponível
380,Imóvel,"R$90.650,00","R$44.166,25",118,"R$701,00","R$82.718,00","R$0,00","R$0,00",Magalu,Disponível
371,Imóvel,"R$91.900,00","R$42.897,50",152,"R$560,00","R$85.120,00","R$0,00","R$0,00",Caixa,Disponível
184,Imóvel,"R$91.900,00","R$37.197,50",131,"R$788,00","R$103.228,00","R$0,00","R$0,00",HS Consórcios,Disponível
188,Imóvel,"R$92.150,00","R$36.653,75",121,"R$798,00","R$96.558,00","R$0,00","R$0,00",HS Consórcios,Disponível
537,Imóvel,"R$92.433,00","R$39.394,82",230,"R$492,00","R$113.160,00","R$0,00","R$0,00",Embracon,Disponível
228,Imóvel,"R$92.500,00","R$35.475,00",157,"R$787,36","R$123.615,52","R$0,00","R$0,00",Rodobens,Disponível
173,Imóvel,"R$92.600,00","R$36.615,00",121,"R$785,57","R$95.053,97","R$0,00","R$0,00",HS Consórcios,Disponível
610,Imóvel,"R$92.784,00","R$38.990,00",96,"R$690,14","R$66.253,44","R$0,00","R$0,00",MyCon,Disponível
602,Imóvel,"R$94.883,54","R$45.474,41",159,"R$601,16","R$95.584,44","R$0,00","R$0,00",Portobens,Disponível
587,Imóvel,"R$94.900,00","R$49.672,50",160,"R$601,16","R$96.185,60","R$0,00","R$0,00",Portobens,Disponível
96,Imóvel,"R$95.700,00","R$38.092,50",160,"R$717,00","R$114.720,00","R$0,00","R$0,00",HS Consórcios,Disponível
172,Imóvel,"R$96.000,00","R$38.800,00",144,"R$814,00","R$117.216,00","R$0,00","R$0,00",HS Consórcios,Disponível
85,Imóvel,"R$98.000,00","R$34.950,00",116,"R$1.024,00","R$118.784,00","R$0,00","R$0,00",CNP Consórcio,Disponível
606,Imóvel,"R$98.000,00","R$45.080,00",195,"R$509,37","R$99.327,15","R$0,00","R$0,00",Portobens,Disponível
532,Imóvel,"R$100.000,00","R$42.300,00",197,"R$592,00","R$116.624,00","R$0,00","R$0,00",Caixa,Disponível
575,Imóvel,"R$100.000,00","R$51.100,00",197,"R$627,51","R$123.619,47","R$0,00","R$0,00",Portobens,Disponível
347,Imóvel,"R$100.000,00","R$41.500,00",79,"R$1.221,66","R$96.511,14","R$0,00","R$0,00",Rodobens,Disponível
607,Imóvel,"R$100.000,00","R$46.650,00",194,"R$623,00","R$120.862,00","R$0,00","R$0,00",Portobens,Disponível
369,Imóvel,"R$100.000,00","R$46.500,00",79,"R$1.221,66","R$96.511,14","R$0,00","R$0,00",Rodobens,Disponível
140,Imóvel,"R$100.000,00","R$38.500,00",44,"R$2.300,00","R$101.200,00","R$0,00","R$0,00",Rodobens,Disponível
141,Imóvel,"R$100.000,00","R$38.500,00",180,"R$779,00","R$140.220,00","R$0,00","R$0,00",Bradesco,Disponível
194,Imóvel,"R$100.150,00","R$40.203,75",116,"R$891,00","R$103.356,00","R$0,00","R$0,00",HS Consórcios,Disponível
417,Imóvel,"R$100.400,00","R$76.110,00",174,"R$388,00","R$67.512,00","R$0,00","R$0,00",Bradesco,Disponível
391,Imóvel,"R$100.600,00","R$55.515,00",142,"R$643,00","R$91.306,00","R$0,00","R$0,00",Portobens,Disponível
598,Imóvel,"R$100.747,00","R$46.046,18",197,"R$627,51","R$123.619,47","R$0,00","R$0,00",Portobens,Disponível
600,Imóvel,"R$100.747,00","R$46.546,68",197,"R$628,00","R$123.716,00","R$0,00","R$0,00",Portobens,Disponível
165,Imóvel,"R$101.000,00","R$39.625,00",69,"R$1.532,00","R$105.708,00","R$0,00","R$0,00",Rodobens,Disponível
538,Imóvel,"R$101.100,00","R$43.127,50",210,"R$601,85","R$126.388,50","R$0,00","R$0,00",Rodobens,Disponível
576,Imóvel,"R$101.200,00","R$47.530,00",206,"R$644,02","R$132.668,12","R$0,00","R$0,00",Rodobens,Disponível
363,Imóvel,"R$101.500,00","R$49.737,50",67,"R$1.192,00","R$79.864,00","R$0,00","R$0,00",Portobens,Disponível
613,Imóvel,"R$102.000,00","R$37.990,00",170,"R$786,13","R$133.642,10","R$0,00","R$0,00",Rodobens,Disponível
400,Imóvel,"R$102.222,00","R$45.847,55",66,"R$1.192,00","R$78.672,00","R$0,00","R$0,00",Porto Seguro,Disponível
419,Imóvel,"R$104.500,00","R$54.700,51",117,"R$820,51","R$95.999,67","R$0,00","R$0,00",Porto Seguro,Disponível
209,Imóvel,"R$105.959,00","R$42.398,97",165,"R$744,00","R$122.760,00","R$0,00","R$0,00",Bradesco,Disponível
385,Imóvel,"R$106.000,00","R$52.128,00",55,"R$1.578,00","R$86.790,00","R$0,00","R$0,00",BB Consórcios,Disponível
529,Imóvel,"R$108.000,00","R$45.500,00",181,"R$649,00","R$117.469,00","R$0,00","R$0,00",Caixa,Disponível
18,Imóvel,"R$108.000,00","R$24.500,00",96,"R$1.623,00","R$155.808,00","R$0,00","R$0,00",CNP Consórcio,Disponível
29,Imóvel,"R$108.000,00","R$26.500,00",96,"R$1.570,00","R$150.720,00","R$0,00","R$0,00",CNP Consórcio,Disponível
82,Imóvel,"R$108.000,00","R$40.100,00",51,"R$2.045,00","R$104.295,00","R$0,00","R$0,00",Rodobens,Disponível
591,Imóvel,"R$108.400,00","R$58.810,00",183,"R$671,00","R$122.793,00","R$0,00","R$0,00",Portobens,Disponível
530,Imóvel,"R$108.500,00","R$45.712,50",197,"R$646,55","R$127.370,35","R$0,00","R$0,00",Rodobens,Disponível
17,Imóvel,"R$109.000,00","R$24.725,00",96,"R$1.623,00","R$155.808,00","R$0,00","R$0,00",CNP Consórcio,Disponível
99,Imóvel,"R$109.000,00","R$40.225,00",45,"R$2.429,00","R$109.305,00","R$0,00","R$0,00",Rodobens,Disponível
187,Imóvel,"R$109.450,00","R$44.286,25",110,"R$946,00","R$104.060,00","R$0,00","R$0,00",HS Consórcios,Disponível
83,Imóvel,"R$110.000,00","R$40.250,00",47,"R$2.249,00","R$105.703,00","R$0,00","R$0,00",Rodobens,Disponível
566,Imóvel,"R$110.700,00","R$55.367,50",183,"R$668,00","R$122.244,00","R$0,00","R$0,00",Portobens,Disponível
12,Imóvel,"R$111.000,00","R$23.575,00",93,"R$1.697,00","R$157.821,00","R$0,00","R$0,00",CNP Consórcio,Disponível
80,Imóvel,"R$111.000,00","R$39.175,00",147,"R$882,00","R$129.654,00","R$0,00","R$0,00",Magalu,Disponível
227,Imóvel,"R$111.000,00","R$43.175,00",75,"R$1.810,00","R$135.750,00","R$0,00","R$0,00",Portobens,Disponível
418,Imóvel,"R$111.300,00","R$57.785,03",117,"R$861,03","R$100.740,51","R$0,00","R$0,00",Porto Seguro,Disponível
593,Imóvel,"R$111.700,00","R$56.292,50",170,"R$673,00","R$114.410,00","R$0,00","R$0,00",Caixa,Disponível
150,Imóvel,"R$112.500,00","R$43.698,74",147,"R$896,24","R$131.747,28","R$0,00","R$0,00",Magalu,Disponível
121,Imóvel,"R$112.600,00","R$43.115,00",149,"R$899,00","R$133.951,00","R$0,00","R$0,00",HS Consórcios,Disponível
129,Imóvel,"R$112.800,00","R$44.120,00",133,"R$916,00","R$121.828,00","R$0,00","R$0,00",HS Consórcios,Disponível
352,Imóvel,"R$112.850,00","R$48.821,25",84,"R$1.082,00","R$90.888,00","R$0,00","R$0,00",HS Consórcios,Disponível
553,Imóvel,"R$113.000,00","R$50.025,00",175,"R$719,47","R$125.907,25","R$0,00","R$0,00",Bradesco,Disponível
578,Imóvel,"R$113.200,00","R$53.430,00",188,"R$725,31","R$136.358,28","R$0,00","R$0,00",Rodobens,Disponível
583,Imóvel,"R$113.200,00","R$54.430,00",186,"R$718,40","R$133.622,40","R$0,00","R$0,00",Rodobens,Disponível
216,Imóvel,"R$113.200,00","R$45.430,00",172,"R$721,10","R$124.029,20","R$0,00","R$0,00",Bradesco,Disponível
395,Imóvel,"R$114.600,00","R$77.865,00",151,"R$696,00","R$105.096,00","R$0,00","R$0,00",Portobens,Disponível
396,Imóvel,"R$114.900,00","R$81.372,50",84,"R$793,00","R$66.612,00","R$0,00","R$0,00",Portobens,Disponível
88,Imóvel,"R$115.000,00","R$41.675,00",151,"R$936,00","R$141.336,00","R$0,00","R$0,00",Caixa,Disponível
225,Imóvel,"R$115.650,00","R$40.841,25",54,"R$2.190,00","R$118.260,00","R$0,00","R$0,00",HS Consórcios,Disponível
111,Imóvel,"R$117.350,00","R$44.033,75",157,"R$910,00","R$142.870,00","R$0,00","R$0,00",HS Consórcios,Disponível
51,Imóvel,"R$118.000,00","R$44.750,00",167,"R$673,00","R$112.391,00","R$0,00","R$0,00",Caixa,Disponível
524,Imóvel,"R$118.215,89","R$48.162,86",226,"R$653,73","R$147.742,98","R$0,00","R$0,00",Embracon,Disponível
346,Imóvel,"R$118.500,00","R$48.762,50",119,"R$995,00","R$118.405,00","R$0,00","R$0,00",HS Consórcios,Disponível
617,Imóvel,"R$118.512,00","R$41.990,00",234,"R$829,00","R$193.986,00","R$0,00","R$0,00",Embracon,Disponível
389,Imóvel,"R$118.900,00","R$64.872,50",134,"R$845,00","R$113.230,00","R$0,00","R$0,00",Portobens,Disponível
366,Imóvel,"R$119.500,00","R$54.887,50",129,"R$868,50","R$112.036,50","R$0,00","R$0,00",Caixa,Disponível
81,Imóvel,"R$119.800,00","R$47.595,00",174,"R$834,00","R$145.116,00","R$0,00","R$0,00",HS Consórcios,Disponível
115,Imóvel,"R$120.000,00","R$45.000,00",56,"R$2.149,29","R$120.360,24","R$0,00","R$0,00",Rodobens,Disponível
154,Imóvel,"R$120.000,00","R$46.800,00",191,"R$839,00","R$160.249,00","R$0,00","R$0,00",Bradesco,Disponível
415,Imóvel,"R$120.000,00","R$61.000,00",76,"R$1.522,00","R$115.672,00","R$0,00","R$0,00",Portobens,Disponível
416,Imóvel,"R$120.000,00","R$62.000,00",76,"R$1.529,00","R$116.204,00","R$0,00","R$0,00",Portobens,Disponível
130,Imóvel,"R$120.150,00","R$45.553,75",151,"R$980,00","R$147.980,00","R$0,00","R$0,00",HS Consórcios,Disponível
603,Imóvel,"R$120.200,00","R$52.805,00",197,"R$755,00","R$148.735,00","R$0,00","R$0,00",Portobens,Disponível
104,Imóvel,"R$122.050,00","R$46.751,25",129,"R$933,00","R$120.357,00","R$0,00","R$0,00",HS Consórcios,Disponível
611,Imóvel,"R$122.157,00","R$49.990,00",167,"R$959,25","R$160.194,75","R$0,00","R$0,00",Rodobens,Disponível
72,Imóvel,"R$123.000,00","R$48.075,00",63,"R$1.731,62","R$109.092,06","R$0,00","R$0,00",Rodobens,Disponível
357,Imóvel,"R$123.000,00","R$54.275,00",63,"R$1.731,62","R$109.092,06","R$0,00","R$0,00",Rodobens,Disponível
612,Imóvel,"R$123.357,00","R$49.990,00",175,"R$920,00","R$161.000,00","R$0,00","R$0,00",Rodobens,Disponível
67,Imóvel,"R$123.500,00","R$41.887,50",96,"R$1.546,00","R$148.416,00","R$0,00","R$0,00",CNP Consórcio,Disponível
134,Imóvel,"R$124.000,00","R$46.900,00",137,"R$1.016,00","R$139.192,00","R$0,00","R$0,00",HS Consórcios,Disponível
420,Imóvel,"R$124.000,00","R$71.900,87",128,"R$772,72","R$98.908,16","R$0,00","R$0,00",Bradesco,Disponível
190,Imóvel,"R$124.250,00","R$47.606,25",124,"R$1.079,00","R$133.796,00","R$0,00","R$0,00",HS Consórcios,Disponível
161,Imóvel,"R$125.000,00","R$50.225,00",134,"R$1.046,00","R$140.164,00","R$0,00","R$0,00",HS Consórcios,Disponível
381,Imóvel,"R$125.200,00","R$61.030,00",38,"R$3.145,54","R$119.530,52","R$0,00","R$0,00",Itaú,Disponível
414,Imóvel,"R$126.000,00","R$61.650,00",42,"R$2.230,00","R$93.660,00","R$0,00","R$0,00",Portobens,Disponível
588,Imóvel,"R$126.500,00","R$67.262,50",183,"R$821,00","R$150.243,00","R$0,00","R$0,00",Portobens,Disponível
364,Imóvel,"R$126.897,48","R$58.072,44",104,"R$900,76","R$93.679,04","R$0,00","R$0,00",HS Consórcios,Disponível
390,Imóvel,"R$126.900,00","R$64.472,50",104,"R$900,76","R$93.679,04","R$0,00","R$0,00",HS Consórcios,Disponível
147,Imóvel,"R$127.800,00","R$49.595,00",203,"R$708,00","R$143.724,00","R$0,00","R$0,00",Santander,Disponível
372,Imóvel,"R$130.000,00","R$66.650,00",93,"R$1.332,00","R$123.876,00","R$0,00","R$0,00",Portobens,Disponível
579,Imóvel,"R$132.000,00","R$62.600,00",205,"R$774,00","R$158.670,00","R$0,00","R$0,00",Santander,Disponível
358,Imóvel,"R$132.210,00","R$58.355,17",75,"R$1.574,96","R$118.122,00","R$0,00","R$0,00",Rodobens,Disponível
384,Imóvel,"R$132.300,00","R$65.007,50",75,"R$1.574,96","R$118.122,00","R$0,00","R$0,00",Rodobens,Disponível
394,Imóvel,"R$134.300,00","R$86.357,50",104,"R$1.218,00","R$126.672,00","R$0,00","R$0,00",Portobens,Disponível
367,Imóvel,"R$135.678,00","R$62.376,95",187,"R$685,00","R$128.095,00","R$0,00","R$0,00",BB Consórcios,Disponível
397,Imóvel,"R$139.300,00","R$98.782,50",86,"R$1.269,00","R$109.134,00","R$0,00","R$0,00",Portobens,Disponível
399,Imóvel,"R$140.000,00","R$72.431,24",42,"R$3.031,24","R$127.312,08","R$0,00","R$0,00",Itaú,Disponível
409,Imóvel,"R$140.000,00","R$76.400,00",43,"R$3.031,24","R$130.343,32","R$0,00","R$0,00",Itaú,Disponível
626,Imóvel,"R$143.248,00","R$56.990,00",75,"R$2.192,31","R$164.423,25","R$0,00","R$0,00",Santander,Disponível
170,Imóvel,"R$144.050,00","R$56.101,25",143,"R$1.219,00","R$174.317,00","R$0,00","R$0,00",HS Consórcios,Disponível
623,Imóvel,"R$144.185,73","R$61.990,00",136,"R$1.141,16","R$155.197,76","R$0,00","R$0,00",Itaú,Disponível
565,Imóvel,"R$150.500,00","R$74.862,50",195,"R$931,90","R$181.720,50","R$0,00","R$0,00",Portobens,Disponível
208,Imóvel,"R$150.900,00","R$60.372,50",126,"R$1.267,44","R$159.697,44","R$0,00","R$0,00",Magalu,Disponível
546,Imóvel,"R$152.000,00","R$66.600,00",195,"R$897,00","R$174.915,00","R$0,00","R$0,00",Caixa,Disponível
594,Imóvel,"R$152.000,00","R$83.800,00",194,"R$930,00","R$180.420,00","R$0,00","R$0,00",Portobens,Disponível
123,Imóvel,"R$152.300,00","R$61.307,50",175,"R$1.225,00","R$214.375,00","R$0,00","R$0,00",HS Consórcios,Disponível
138,Imóvel,"R$152.350,00","R$61.258,75",151,"R$1.256,00","R$189.656,00","R$0,00","R$0,00",HS Consórcios,Disponível
203,Imóvel,"R$152.350,00","R$57.808,75",119,"R$1.402,00","R$166.838,00","R$0,00","R$0,00",HS Consórcios,Disponível
56,Imóvel,"R$152.650,00","R$58.266,25",182,"R$1.039,00","R$189.098,00","R$0,00","R$0,00",HS Consórcios,Disponível
90,Imóvel,"R$154.950,00","R$62.123,75",176,"R$1.137,00","R$200.112,00","R$0,00","R$0,00",HS Consórcios,Disponível
58,Imóvel,"R$155.700,00","R$59.842,50",184,"R$1.065,00","R$195.960,00","R$0,00","R$0,00",HS Consórcios,Disponível
525,Imóvel,"R$156.000,00","R$63.700,00",195,"R$913,00","R$178.035,00","R$0,00","R$0,00",Caixa,Disponível
52,Imóvel,"R$156.300,00","R$60.057,50",184,"R$1.049,00","R$193.016,00","R$0,00","R$0,00",HS Consórcios,Disponível
618,Imóvel,"R$157.028,00","R$60.990,00",226,"R$930,77","R$210.354,02","R$0,00","R$0,00",Embracon,Disponível
183,Imóvel,"R$157.200,00","R$62.230,00",108,"R$1.637,60","R$176.860,80","R$0,00","R$0,00",Rodobens,Disponível
556,Imóvel,"R$157.500,00","R$69.937,50",177,"R$991,50","R$175.495,50","R$0,00","R$0,00",Caixa,Disponível
41,Imóvel,"R$158.000,00","R$43.750,00",93,"R$2.145,00","R$199.485,00","R$0,00","R$0,00",CNP Consórcio,Disponível
43,Imóvel,"R$159.500,00","R$44.787,50",96,"R$2.072,00","R$198.912,00","R$0,00","R$0,00",CNP Consórcio,Disponível
619,Imóvel,"R$159.642,00","R$69.990,00",47,"R$3.048,39","R$143.274,33","R$0,00","R$0,00",Embracon,Disponível
195,Imóvel,"R$160.000,00","R$63.768,25",224,"R$868,25","R$194.488,00","R$0,00","R$0,00",Embracon,Disponível
224,Imóvel,"R$162.800,00","R$55.420,00",75,"R$2.075,00","R$155.625,00","R$0,00","R$0,00",HS Consórcios,Disponível
179,Imóvel,"R$163.772,43","R$64.694,31",145,"R$1.377,12","R$199.682,40","R$0,00","R$0,00",Embracon,Disponível
620,Imóvel,"R$164.589,00","R$69.990,00",57,"R$2.573,20","R$146.672,40","R$0,00","R$0,00",Embracon,Disponível
625,Imóvel,"R$166.182,72","R$69.990,00",134,"R$1.420,69","R$190.372,46","R$0,00","R$0,00",Porto Seguro,Disponível
624,Imóvel,"R$167.543,20","R$69.990,00",134,"R$1.414,69","R$189.568,46","R$0,00","R$0,00",Porto Seguro,Disponível
356,Imóvel,"R$171.403,00","R$75.151,91",168,"R$966,84","R$162.429,12","R$0,00","R$0,00",Santander,Disponível
382,Imóvel,"R$171.500,00","R$83.787,50",168,"R$966,84","R$162.429,12","R$0,00","R$0,00",Santander,Disponível
558,Imóvel,"R$175.800,00","R$78.195,00",184,"R$1.068,27","R$196.561,68","R$0,00","R$0,00",Rodobens,Disponível
144,Imóvel,"R$177.250,00","R$71.431,25",126,"R$1.466,00","R$184.716,00","R$0,00","R$0,00",HS Consórcios,Disponível
361,Imóvel,"R$178.250,00","R$79.756,25",53,"R$2.458,00","R$130.274,00","R$0,00","R$0,00",HS Consórcios,Disponível
398,Imóvel,"R$179.500,00","R$92.787,50",54,"R$2.458,00","R$132.732,00","R$0,00","R$0,00",HS Consórcios,Disponível
392,Imóvel,"R$183.300,00","R$103.782,50",125,"R$1.113,00","R$139.125,00","R$0,00","R$0,00",Portobens,Disponível
62,Imóvel,"R$184.500,00","R$62.112,50",96,"R$2.320,00","R$222.720,00","R$0,00","R$0,00",CNP Consórcio,Disponível
373,Imóvel,"R$188.400,00","R$97.110,00",167,"R$1.071,00","R$178.857,00","R$0,00","R$0,00",Portobens,Disponível
376,Imóvel,"R$188.400,00","R$90.610,00",143,"R$1.200,00","R$171.600,00","R$0,00","R$0,00",Magalu,Disponível
68,Imóvel,"R$190.000,00","R$73.750,00",78,"R$2.432,91","R$189.766,98","R$0,00","R$0,00",Rodobens,Disponível
354,Imóvel,"R$190.000,00","R$83.250,00",78,"R$2.432,91","R$189.766,98","R$0,00","R$0,00",Rodobens,Disponível
355,Imóvel,"R$190.000,00","R$83.250,00",54,"R$3.299,00","R$178.146,00","R$0,00","R$0,00",Rodobens,Disponível
94,Imóvel,"R$191.850,00","R$77.346,25",173,"R$1.431,00","R$247.563,00","R$0,00","R$0,00",HS Consórcios,Disponível
226,Imóvel,"R$194.176,69","R$78.604,42",191,"R$1.260,26","R$240.709,66","R$0,00","R$0,00",Caixa,Disponível
564,Imóvel,"R$194.200,00","R$88.355,00",192,"R$1.260,26","R$241.969,92","R$0,00","R$0,00",Caixa,Disponível
89,Imóvel,"R$196.050,00","R$79.201,25",173,"R$1.428,00","R$247.044,00","R$0,00","R$0,00",HS Consórcios,Disponível
614,Imóvel,"R$198.425,87","R$74.990,00",227,"R$1.115,00","R$253.105,00","R$0,00","R$0,00",Embracon,Disponível
66,Imóvel,"R$198.650,00","R$78.866,25",173,"R$1.373,00","R$237.529,00","R$0,00","R$0,00",HS Consórcios,Disponível
533,Imóvel,"R$200.500,00","R$84.812,50",195,"R$1.230,00","R$239.850,00","R$0,00","R$0,00",Caixa,Disponível
71,Imóvel,"R$206.400,00","R$79.360,00",170,"R$1.436,00","R$244.120,00","R$0,00","R$0,00",HS Consórcios,Disponível
547,Imóvel,"R$210.000,00","R$92.050,00",185,"R$1.264,00","R$233.840,00","R$0,00","R$0,00",Caixa,Disponível
604,Imóvel,"R$210.000,00","R$98.050,00",196,"R$1.076,00","R$210.896,00","R$0,00","R$0,00",Portobens,Disponível
374,Imóvel,"R$210.000,00","R$100.750,00",143,"R$1.338,00","R$191.334,00","R$0,00","R$0,00",Bradesco,Disponível
551,Imóvel,"R$211.000,00","R$93.075,00",185,"R$1.346,00","R$249.010,00","R$0,00","R$0,00",Caixa,Disponível
98,Imóvel,"R$211.450,00","R$84.386,25",156,"R$1.586,00","R$247.416,00","R$0,00","R$0,00",HS Consórcios,Disponível
87,Imóvel,"R$212.350,00","R$84.508,75",157,"R$1.504,00","R$236.128,00","R$0,00","R$0,00",HS Consórcios,Disponível
378,Imóvel,"R$213.000,00","R$103.325,00",80,"R$2.378,38","R$190.270,40","R$0,00","R$0,00",Rodobens,Disponível
405,Imóvel,"R$213.000,00","R$114.025,00",80,"R$2.378,38","R$190.270,40","R$0,00","R$0,00",Rodobens,Disponível
412,Imóvel,"R$214.000,00","R$99.150,00",196,"R$1.087,00","R$213.052,00","R$0,00","R$0,00",Portobens,Disponível
595,Imóvel,"R$217.482,00","R$96.749,05",174,"R$1.322,00","R$230.028,00","R$0,00","R$0,00",Portobens,Disponível
413,Imóvel,"R$217.600,00","R$134.240,00",83,"R$1.846,00","R$153.218,00","R$0,00","R$0,00",Itaú,Disponível
411,Imóvel,"R$220.000,00","R$124.346,00",82,"R$1.846,00","R$151.372,00","R$0,00","R$0,00",Itaú,Disponível
76,Imóvel,"R$221.540,00","R$77.538,50",103,"R$2.399,00","R$247.097,00","R$0,00","R$0,00",Magalu,Disponível
155,Imóvel,"R$221.750,00","R$86.043,75",143,"R$1.848,00","R$264.264,00","R$0,00","R$0,00",HS Consórcios,Disponível
93,Imóvel,"R$222.000,00","R$81.050,00",81,"R$6.273,52","R$508.155,12","R$0,00","R$0,00",Rodobens,Disponível
32,Imóvel,"R$226.000,00","R$56.450,00",101,"R$3.152,00","R$318.352,00","R$0,00","R$0,00",CNP Consórcio,Disponível
223,Imóvel,"R$229.450,00","R$87.686,25",78,"R$2.803,00","R$218.634,00","R$0,00","R$0,00",HS Consórcios,Disponível
55,Imóvel,"R$230.000,00","R$74.750,00",64,"R$3.799,00","R$243.136,00","R$0,00","R$0,00",Rodobens,Disponível
113,Imóvel,"R$230.000,00","R$86.250,00",64,"R$3.799,00","R$243.136,00","R$0,00","R$0,00",Rodobens,Disponível
114,Imóvel,"R$230.000,00","R$86.250,00",64,"R$3.799,00","R$243.136,00","R$0,00","R$0,00",Rodobens,Disponível
26,Imóvel,"R$231.500,00","R$56.587,50",96,"R$3.309,00","R$317.664,00","R$0,00","R$0,00",CNP Consórcio,Disponível
9,Imóvel,"R$233.000,00","R$48.625,00",96,"R$3.538,00","R$339.648,00","R$0,00","R$0,00",CNP Consórcio,Disponível
35,Imóvel,"R$234.000,00","R$60.650,00",96,"R$3.200,00","R$307.200,00","R$0,00","R$0,00",CNP Consórcio,Disponível
410,Imóvel,"R$237.800,00","R$133.645,00",64,"R$3.010,00","R$192.640,00","R$0,00","R$0,00",HS Consórcios,Disponível
621,Imóvel,"R$238.720,00","R$82.990,00",131,"R$2.073,28","R$271.599,68","R$0,00","R$0,00",Embracon,Disponível
571,Imóvel,"R$240.000,00","R$111.500,00",176,"R$1.471,00","R$258.896,00","R$0,00","R$0,00",Caixa,Disponível
202,Imóvel,"R$240.000,00","R$95.800,00",185,"R$1.422,00","R$263.070,00","R$0,00","R$0,00",Caixa,Disponível
622,Imóvel,"R$242.425,00","R$91.990,00",159,"R$1.702,78","R$270.742,02","R$0,00","R$0,00",Embracon,Disponível
615,Imóvel,"R$242.526,00","R$119.990,00",93,"R$1.679,40","R$156.184,20","R$0,00","R$0,00",Embracon,Disponível
527,Imóvel,"R$243.000,00","R$101.875,00",185,"R$1.548,00","R$286.380,00","R$0,00","R$0,00",Caixa,Disponível
97,Imóvel,"R$245.350,00","R$96.833,75",169,"R$1.839,00","R$310.791,00","R$0,00","R$0,00",HS Consórcios,Disponível
92,Imóvel,"R$250.300,00","R$91.357,50",196,"R$1.521,00","R$298.116,00","R$0,00","R$0,00",Santander,Disponível
75,Imóvel,"R$252.000,00","R$85.300,00",56,"R$4.184,00","R$234.304,00","R$0,00","R$0,00",Rodobens,Disponível
77,Imóvel,"R$252.000,00","R$97.900,00",56,"R$4.184,00","R$234.304,00","R$0,00","R$0,00",Rodobens,Disponível
562,Imóvel,"R$254.500,00","R$115.162,50",212,"R$1.494,00","R$316.728,00","R$0,00","R$0,00",Rodobens,Disponível
368,Imóvel,"R$256.000,00","R$128.000,00",138,"R$1.786,00","R$246.468,00","R$0,00","R$0,00",Portobens,Disponível
404,Imóvel,"R$256.688,00","R$117.003,20",137,"R$1.786,00","R$244.682,00","R$0,00","R$0,00",Porto Seguro,Disponível
213,Imóvel,"R$257.250,00","R$103.431,25",121,"R$2.432,00","R$294.272,00","R$0,00","R$0,00",HS Consórcios,Disponível
523,Imóvel,"R$262.000,00","R$106.350,00",185,"R$1.697,00","R$313.945,00","R$0,00","R$0,00",Caixa,Disponível
605,Imóvel,"R$264.000,00","R$120.664,60",183,"R$1.695,00","R$310.185,00","R$0,00","R$0,00",Portobens,Disponível
627,Imóvel,"R$269.144,00","R$109.990,00",200,"R$1.606,00","R$321.200,00","R$0,00","R$0,00",Embracon,Disponível
78,Imóvel,"R$271.300,00","R$95.382,50",40,"R$7.802,02","R$312.080,80","R$0,00","R$0,00",Itaú,Disponível
401,Imóvel,"R$291.000,00","R$153.975,00",67,"R$4.090,00","R$274.030,00","R$0,00","R$0,00",Itaú,Disponível
59,Imóvel,"R$292.500,00","R$96.112,50",116,"R$3.260,00","R$378.160,00","R$0,00","R$0,00",CNP Consórcio,Disponível
388,Imóvel,"R$292.500,00","R$158.912,50",136,"R$1.970,00","R$267.920,00","R$0,00","R$0,00",Portobens,Disponível
383,Imóvel,"R$293.000,00","R$143.505,00",66,"R$4.090,00","R$269.940,00","R$0,00","R$0,00",Itaú,Disponível
105,Imóvel,"R$294.200,00","R$115.355,00",138,"R$2.251,00","R$310.638,00","R$0,00","R$0,00",HS Consórcios,Disponível
597,Imóvel,"R$295.829,00","R$133.145,73",184,"R$1.813,00","R$333.592,00","R$0,00","R$0,00",Portobens,Disponível
375,Imóvel,"R$298.350,00","R$143.358,75",197,"R$1.350,00","R$265.950,00","R$0,00","R$0,00",Magalu,Disponível
393,Imóvel,"R$299.000,00","R$172.375,00",182,"R$1.641,00","R$298.662,00","R$0,00","R$0,00",Portobens,Disponível
573,Imóvel,"R$300.000,00","R$153.000,00",188,"R$1.842,00","R$346.296,00","R$0,00","R$0,00",Portobens,Disponível
70,Imóvel,"R$300.000,00","R$103.300,00",96,"R$3.505,00","R$336.480,00","R$0,00","R$0,00",CNP Consórcio,Disponível
349,Imóvel,"R$301.801,00","R$128.265,02",96,"R$2.955,91","R$283.767,36","R$0,00","R$0,00",HS Consórcios,Disponível
61,Imóvel,"R$303.635,00","R$101.490,88",79,"R$4.162,16","R$328.810,64","R$0,00","R$0,00",Magalu,Disponível
580,Imóvel,"R$308.000,00","R$146.500,00",176,"R$1.842,00","R$324.192,00","R$0,00","R$0,00",Caixa,Disponível
125,Imóvel,"R$309.250,00","R$120.731,25",163,"R$2.502,00","R$407.826,00","R$0,00","R$0,00",HS Consórcios,Disponível
609,Imóvel,"R$309.919,00","R$159.990,00",174,"R$1.442,00","R$250.908,00","R$0,00","R$0,00",Bradesco,Disponível
555,Imóvel,"R$310.000,00","R$137.550,00",195,"R$1.810,00","R$352.950,00","R$0,00","R$0,00",Caixa,Disponível
596,Imóvel,"R$318.470,00","R$143.311,75",182,"R$2.026,00","R$368.732,00","R$0,00","R$0,00",Portobens,Disponível
221,Imóvel,"R$323.000,00","R$128.575,00",95,"R$3.482,00","R$330.790,00","R$0,00","R$0,00",HS Consórcios,Disponível
20,Imóvel,"R$333.000,00","R$78.125,00",93,"R$4.926,00","R$458.118,00","R$0,00","R$0,00",CNP Consórcio,Disponível
207,Imóvel,"R$339.584,00","R$135.839,60",104,"R$3.896,00","R$405.184,00","R$0,00","R$0,00",Bradesco,Disponível
44,Imóvel,"R$343.000,00","R$97.375,00",96,"R$4.442,00","R$426.432,00","R$0,00","R$0,00",CNP Consórcio,Disponível
4,Imóvel,"R$350.000,00","R$69.550,00",42,"R$9.357,00","R$392.994,00","R$0,00","R$0,00",CNP Consórcio,Disponível
534,Imóvel,"R$350.000,00","R$148.550,00",193,"R$2.215,00","R$427.495,00","R$0,00","R$0,00",Caixa,Disponível
407,Imóvel,"R$350.000,00","R$189.550,00",45,"R$5.570,00","R$250.650,00","R$0,00","R$0,00",Itaú,Disponível
63,Imóvel,"R$354.000,00","R$119.650,00",120,"R$3.505,00","R$420.600,00","R$0,00","R$0,00",CNP Consórcio,Disponível
370,Imóvel,"R$356.000,00","R$165.700,00",167,"R$2.067,00","R$345.189,00","R$0,00","R$0,00",Caixa,Disponível
86,Imóvel,"R$368.050,00","R$145.201,25",169,"R$2.591,00","R$437.879,00","R$0,00","R$0,00",HS Consórcios,Disponível
406,Imóvel,"R$372.700,00","R$200.817,50",125,"R$2.408,00","R$301.000,00","R$0,00","R$0,00",Santander,Disponível
57,Imóvel,"R$390.000,00","R$127.550,00",116,"R$4.330,00","R$502.280,00","R$0,00","R$0,00",CNP Consórcio,Disponível
65,Imóvel,"R$392.000,00","R$132.600,00",120,"R$3.855,00","R$462.600,00","R$0,00","R$0,00",CNP Consórcio,Disponível
2,Imóvel,"R$400.000,00","R$78.800,00",42,"R$11.005,00","R$462.210,00","R$0,00","R$0,00",CNP Consórcio,Disponível
536,Imóvel,"R$401.500,00","R$170.837,50",182,"R$2.312,00","R$420.784,00","R$0,00","R$0,00",Caixa,Disponível
102,Imóvel,"R$410.800,00","R$165.670,00",171,"R$3.127,00","R$534.717,00","R$0,00","R$0,00",HS Consórcios,Disponível
402,Imóvel,"R$411.652,00","R$185.250,30",135,"R$3.009,00","R$406.215,00","R$0,00","R$0,00",Porto Seguro,Disponível
160,Imóvel,"R$417.000,00","R$163.225,00",146,"R$3.385,00","R$494.210,00","R$0,00","R$0,00",Caixa,Disponível
1,Imóvel,"R$420.000,00","R$76.300,00",42,"R$11.480,00","R$482.160,00","R$0,00","R$0,00",CNP Consórcio,Disponível
387,Imóvel,"R$434.400,00","R$234.560,00",110,"R$3.627,00","R$398.970,00","R$0,00","R$0,00",Portobens,Disponível
6,Imóvel,"R$440.000,00","R$89.800,00",42,"R$11.460,00","R$481.320,00","R$0,00","R$0,00",CNP Consórcio,Disponível
584,Imóvel,"R$448.000,00","R$233.500,00",178,"R$2.620,00","R$466.360,00","R$0,00","R$0,00",Portobens,Disponível
28,Imóvel,"R$454.000,00","R$111.150,00",102,"R$6.328,00","R$645.456,00","R$0,00","R$0,00",CNP Consórcio,Disponível
16,Imóvel,"R$471.000,00","R$103.575,00",95,"R$6.842,00","R$649.990,00","R$0,00","R$0,00",CNP Consórcio,Disponível
46,Imóvel,"R$472.000,00","R$141.600,00",95,"R$6.502,00","R$617.690,00","R$0,00","R$0,00",CNP Consórcio,Disponível
359,Imóvel,"R$475.000,00","R$209.675,00",167,"R$2.740,00","R$457.580,00","R$0,00","R$0,00",Caixa,Disponível
53,Imóvel,"R$483.600,00","R$154.490,00",119,"R$5.172,00","R$615.468,00","R$0,00","R$0,00",CNP Consórcio,Disponível
539,Imóvel,"R$485.000,00","R$207.925,00",185,"R$2.970,00","R$549.450,00","R$0,00","R$0,00",Caixa,Disponível
50,Imóvel,"R$488.000,00","R$151.000,00",116,"R$5.485,00","R$636.260,00","R$0,00","R$0,00",CNP Consórcio,Disponível
535,Imóvel,"R$507.000,00","R$215.475,00",193,"R$3.055,00","R$589.615,00","R$0,00","R$0,00",Caixa,Disponível
386,Imóvel,"R$510.000,00","R$252.550,00",160,"R$3.143,00","R$502.880,00","R$0,00","R$0,00",Caixa,Disponível
39,Imóvel,"R$529.000,00","R$142.025,00",102,"R$7.383,00","R$753.066,00","R$0,00","R$0,00",CNP Consórcio,Disponível
559,Imóvel,"R$533.000,00","R$237.125,00",182,"R$3.438,00","R$625.716,00","R$0,00","R$0,00",Caixa,Disponível
528,Imóvel,"R$538.460,00","R$226.161,50",185,"R$3.372,00","R$623.820,00","R$0,00","R$0,00",Magalu,Disponível
379,Imóvel,"R$545.000,00","R$264.425,00",69,"R$6.585,00","R$454.365,00","R$0,00","R$0,00",Santander,Disponível
24,Imóvel,"R$548.000,00","R$132.500,00",95,"R$8.256,00","R$784.320,00","R$0,00","R$0,00",CNP Consórcio,Disponível
36,Imóvel,"R$548.000,00","R$142.500,00",95,"R$7.985,00","R$758.575,00","R$0,00","R$0,00",CNP Consórcio,Disponível
15,Imóvel,"R$555.000,00","R$119.675,00",93,"R$8.155,00","R$758.415,00","R$0,00","R$0,00",CNP Consórcio,Disponível
42,Imóvel,"R$562.000,00","R$156.850,00",95,"R$7.228,00","R$686.660,00","R$0,00","R$0,00",CNP Consórcio,Disponível
408,Imóvel,"R$567.250,00","R$273.662,05",173,"R$3.245,40","R$561.454,20","R$0,00","R$0,00",Porto Seguro,Disponível
45,Imóvel,"R$585.000,00","R$175.425,00",116,"R$6.645,00","R$770.820,00","R$0,00","R$0,00",CNP Consórcio,Disponível
365,Imóvel,"R$590.000,00","R$270.550,00",155,"R$3.670,00","R$568.850,00","R$0,00","R$0,00",Caixa,Disponível
542,Imóvel,"R$600.000,00","R$260.800,00",193,"R$3.729,00","R$719.697,00","R$0,00","R$0,00",Caixa,Disponível
37,Imóvel,"R$628.000,00","R$164.500,00",84,"R$9.288,00","R$780.192,00","R$0,00","R$0,00",CNP Consórcio,Disponível
54,Imóvel,"R$642.000,00","R$205.850,00",96,"R$7.945,00","R$762.720,00","R$0,00","R$0,00",CNP Consórcio,Disponível
567,Imóvel,"R$652.300,00","R$301.507,50",194,"R$4.037,00","R$783.178,00","R$0,00","R$0,00",Rodobens,Disponível
561,Imóvel,"R$655.000,00","R$292.175,00",182,"R$3.935,00","R$716.170,00","R$0,00","R$0,00",Caixa,Disponível
217,Imóvel,"R$655.600,00","R$261.390,00",96,"R$6.432,00","R$617.472,00","R$0,00","R$0,00",HS Consórcios,Disponível
569,Imóvel,"R$656.500,00","R$304.312,50",168,"R$4.117,00","R$691.656,00","R$0,00","R$0,00",Caixa,Disponível
222,Imóvel,"R$657.150,00","R$227.428,75",96,"R$7.719,00","R$741.024,00","R$0,00","R$0,00",HS Consórcios,Disponível
7,Imóvel,"R$682.000,00","R$139.850,00",95,"R$9.063,00","R$860.985,00","R$0,00","R$0,00",CNP Consórcio,Disponível
27,Imóvel,"R$682.000,00","R$166.850,00",101,"R$9.352,00","R$944.552,00","R$0,00","R$0,00",CNP Consórcio,Disponível
47,Imóvel,"R$683.000,00","R$206.875,00",116,"R$7.715,00","R$894.940,00","R$0,00","R$0,00",CNP Consórcio,Disponível
544,Imóvel,"R$695.000,00","R$303.175,00",185,"R$4.315,00","R$798.275,00","R$0,00","R$0,00",Caixa,Disponível
21,Imóvel,"R$696.500,00","R$164.212,50",96,"R$9.875,00","R$948.000,00","R$0,00","R$0,00",CNP Consórcio,Disponível
540,Imóvel,"R$701.000,00","R$302.325,00",193,"R$4.370,00","R$843.410,00","R$0,00","R$0,00",Caixa,Disponível
563,Imóvel,"R$715.000,00","R$323.675,00",185,"R$4.445,00","R$822.325,00","R$0,00","R$0,00",Caixa,Disponível
577,Imóvel,"R$736.000,00","R$346.800,00",182,"R$4.622,00","R$841.204,00","R$0,00","R$0,00",Caixa,Disponível
599,Imóvel,"R$737.940,00","R$339.548,50",182,"R$4.639,00","R$844.298,00","R$0,00","R$0,00",Portobens,Disponível
554,Imóvel,"R$740.000,00","R$328.300,00",168,"R$4.695,00","R$788.760,00","R$0,00","R$0,00",Caixa,Disponível
84,Imóvel,"R$745.000,00","R$264.425,00",119,"R$7.360,00","R$875.840,00","R$0,00","R$0,00",CNP Consórcio,Disponível
403,Imóvel,"R$772.500,00","R$410.812,50",83,"R$7.161,00","R$594.363,00","R$0,00","R$0,00",Santander,Disponível
64,Imóvel,"R$778.000,00","R$313.800,00",195,"R$5.345,00","R$1.042.275,00","R$0,00","R$0,00",HS Consórcios,Disponível
49,Imóvel,"R$780.000,00","R$239.300,00",116,"R$8.815,00","R$1.022.540,00","R$0,00","R$0,00",CNP Consórcio,Disponível
526,Imóvel,"R$794.390,87","R$330.559,77",195,"R$4.985,68","R$972.207,60","R$0,00","R$0,00",HS Consórcios,Disponível
572,Imóvel,"R$794.400,00","R$370.360,00",195,"R$4.985,68","R$972.207,60","R$0,00","R$0,00",HS Consórcios,Disponível
3,Imóvel,"R$800.000,00","R$158.800,00",42,"R$21.775,00","R$914.550,00","R$0,00","R$0,00",CNP Consórcio,Disponível
11,Imóvel,"R$800.000,00","R$169.800,00",68,"R$15.520,00","R$1.055.360,00","R$0,00","R$0,00",CNP Consórcio,Disponível
541,Imóvel,"R$801.000,00","R$347.825,00",194,"R$4.965,00","R$963.210,00","R$0,00","R$0,00",Caixa,Disponível
545,Imóvel,"R$822.500,00","R$359.362,50",183,"R$4.925,00","R$901.275,00","R$0,00","R$0,00",Caixa,Disponível
38,Imóvel,"R$826.000,00","R$221.450,00",84,"R$12.293,00","R$1.032.612,00","R$0,00","R$0,00",CNP Consórcio,Disponível
8,Imóvel,"R$880.000,00","R$181.800,00",42,"R$22.920,00","R$962.640,00","R$0,00","R$0,00",CNP Consórcio,Disponível
19,Imóvel,"R$890.000,00","R$208.050,00",93,"R$13.080,00","R$1.216.440,00","R$0,00","R$0,00",CNP Consórcio,Disponível
560,Imóvel,"R$905.000,00","R$403.425,00",185,"R$5.580,00","R$1.032.300,00","R$0,00","R$0,00",Caixa,Disponível
570,Imóvel,"R$910.000,00","R$422.550,00",197,"R$5.270,00","R$1.038.190,00","R$0,00","R$0,00",Caixa,Disponível
33,Imóvel,"R$911.000,00","R$228.575,00",101,"R$12.500,00","R$1.262.500,00","R$0,00","R$0,00",CNP Consórcio,Disponível
22,Imóvel,"R$925.000,00","R$218.925,00",96,"R$13.915,00","R$1.335.840,00","R$0,00","R$0,00",CNP Consórcio,Disponível
151,Imóvel,"R$950.000,00","R$369.550,00",158,"R$6.835,00","R$1.079.930,00","R$0,00","R$0,00",Caixa,Disponível
23,Imóvel,"R$992.000,00","R$237.600,00",54,"R$21.047,00","R$1.136.538,00","R$0,00","R$0,00",CNP Consórcio,Disponível
48,Imóvel,"R$1.055.000,00","R$323.175,00",95,"R$13.220,00","R$1.255.900,00","R$0,00","R$0,00",CNP Consórcio,Disponível
69,Imóvel,"R$1.070.000,00","R$367.550,00",120,"R$10.515,00","R$1.261.800,00","R$0,00","R$0,00",CNP Consórcio,Disponível
34,Imóvel,"R$1.135.000,00","R$294.175,00",101,"R$15.605,00","R$1.576.105,00","R$0,00","R$0,00",CNP Consórcio,Disponível
5,Imóvel,"R$1.150.000,00","R$234.550,00",42,"R$31.115,00","R$1.306.830,00","R$0,00","R$0,00",CNP Consórcio,Disponível
14,Imóvel,"R$1.155.000,00","R$247.675,00",95,"R$15.905,00","R$1.510.975,00","R$0,00","R$0,00",CNP Consórcio,Disponível
543,Imóvel,"R$1.170.000,00","R$510.050,00",185,"R$7.275,00","R$1.345.875,00","R$0,00","R$0,00",Caixa,Disponível
13,Imóvel,"R$1.300.000,00","R$278.300,00",42,"R$34.400,00","R$1.444.800,00","R$0,00","R$0,00",CNP Consórcio,Disponível
362,Imóvel,"R$1.335.000,00","R$599.175,00",59,"R$20.855,00","R$1.230.445,00","R$0,00","R$0,00",Itaú,Disponível
73,Imóvel,"R$1.425.000,00","R$495.425,00",120,"R$14.020,00","R$1.682.400,00","R$0,00","R$0,00",CNP Consórcio,Disponível
40,Imóvel,"R$1.455.000,00","R$392.175,00",84,"R$21.580,00","R$1.812.720,00","R$0,00","R$0,00",CNP Consórcio,Disponível
568,Imóvel,"R$1.600.000,00","R$739.800,00",175,"R$9.475,00","R$1.658.125,00","R$0,00","R$0,00",Caixa,Disponível
10,Imóvel,"R$1.650.000,00","R$347.050,00",42,"R$43.760,00","R$1.837.920,00","R$0,00","R$0,00",CNP Consórcio,Disponível
25,Imóvel,"R$1.715.000,00","R$418.675,00",95,"R$23.135,00","R$2.197.825,00","R$0,00","R$0,00",CNP Consórcio,Disponível
548,Imóvel,"R$1.715.000,00","R$752.675,00",197,"R$10.220,00","R$2.013.340,00","R$0,00","R$0,00",Caixa,Disponível
557,Imóvel,"R$1.885.000,00","R$837.925,00",185,"R$11.720,00","R$2.168.200,00","R$0,00","R$0,00",Caixa,Disponível
31,Imóvel,"R$2.265.000,00","R$562.425,00",95,"R$31.120,00","R$2.956.400,00","R$0,00","R$0,00",CNP Consórcio,Disponível
30,Imóvel,"R$2.810.000,00","R$696.050,00",95,"R$39.370,00","R$3.740.150,00","R$0,00","R$0,00",CNP Consórcio,Disponível
550,Imóvel,"R$3.330.000,00","R$1.464.050,00",180,"R$21.000,00","R$3.780.000,00","R$0,00","R$0,00",Caixa,Disponível
549,Imóvel,"R$4.070.000,00","R$1.787.550,00",178,"R$25.690,00","R$4.572.820,00","R$0,00","R$0,00",Caixa,Disponível
552,Imóvel,"R$4.730.000,00","R$2.089.050,00",179,"R$29.625,00","R$5.302.875,00","R$0,00","R$0,00",Caixa,Disponível
12849-4,Imóvel,"R$39.463,00","R$17.410,74",186,"R$256,00","R$47.616,00",,,Bradesco,Reservada
13258-4,Imóvel,"R$48.043,00","R$20.939,14",116,"R$499,00","R$57.884,00",,,Gazin,Disponível
669-22,Imóvel,"R$48.408,84","R$23.371,79",43,"R$834,77","R$35.895,11","R$0,00","R$0,00",MyCon,Disponível
12847-4,Imóvel,"R$49.849,00","R$21.903,02",174,"R$343,00","R$59.682,00",,,Bradesco,Reservada
13073-4,Imóvel,"R$56.073,00","R$24.678,54",175,"R$393,00","R$68.775,00",,,Bradesco,Disponível
13404-4,Imóvel,"R$62.794,00","R$29.244,12",143,"R$527,00","R$75.361,00","R$61.788,97","R$77.236,21",HS Consórcios,Reservada
13079-4,Imóvel,"R$63.020,00","R$30.639,60",146,"R$506,00","R$73.876,00","R$60.537,04","R$75.671,30",HS Consórcios,Disponível
13089-4,Imóvel,"R$63.463,00","R$29.530,74",135,"R$596,00","R$80.460,00","R$65.895,58","R$82.369,48",HS Consórcios,Reservada
13445-4,Imóvel,"R$63.912,00","R$30.021,76",116,"R$682,00","R$79.112,00","R$64.670,57","R$80.838,21",HS Consórcios,Disponível
13359-4,Imóvel,"R$64.045,00","R$29.719,10",151,"R$540,00","R$81.540,00","R$66.842,69","R$83.553,36",HS Consórcios,Disponível
13027-4,Imóvel,"R$65.052,00","R$30.598,96",149,"R$533,00","R$79.417,00","R$64.985,07","R$81.231,34",HS Consórcios,Disponível
13010-4,Imóvel,"R$65.402,00","R$28.791,96",176,"R$448,00","R$78.848,00",,,Bradesco,Reservada
13080-4,Imóvel,"R$65.674,00","R$31.886,52",149,"R$520,00","R$77.480,00","R$63.508,18","R$79.385,23",HS Consórcios,Disponível
13358-4,Imóvel,"R$65.904,00","R$29.781,92",151,"R$553,00","R$83.503,00","R$68.362,00","R$85.452,50",HS Consórcios,Disponível
13170-4,Imóvel,"R$66.492,00","R$31.070,16",130,"R$601,00","R$78.130,00","R$63.880,41","R$79.850,51",HS Consórcios,Disponível
12694-4,Imóvel,"R$67.235,00","R$31.655,30",131,"R$633,00","R$82.923,00","R$67.483,82","R$84.354,78",HS Consórcios,Disponível
13275-4,Imóvel,"R$67.616,00","R$28.547,68",146,"R$564,00","R$82.344,00",,,CNP Consórcio,Disponível
13386-4,Imóvel,"R$67.682,00","R$32.446,36",130,"R$580,00","R$75.400,00","R$61.694,75","R$77.118,44",HS Consórcios,Disponível
13090-4,Imóvel,"R$67.901,00","R$32.241,98",140,"R$565,00","R$79.100,00","R$64.843,03","R$81.053,79",HS Consórcios,Disponível
13077-4,Imóvel,"R$67.981,00","R$31.640,38",141,"R$589,00","R$83.049,00","R$67.774,53","R$84.718,16",HS Consórcios,Reservada
13444-4,Imóvel,"R$70.613,80","R$33.587,72",167,"R$539,00","R$90.013,00","R$73.902,40","R$92.378,00",HS Consórcios,Disponível
13337-4,Imóvel,"R$70.614,00","R$33.587,72",173,"R$532,00","R$92.036,00","R$75.146,70","R$93.933,38",HS Consórcios,Disponível
13154-4,Imóvel,"R$70.709,00","R$33.685,82",176,"R$528,00","R$92.928,00","R$75.767,30","R$94.709,13",HS Consórcios,Disponível
13432-4,Imóvel,"R$71.000,00","R$35.880,00",207,"R$441,00","R$91.287,00",,,Serello,Disponível
13433-4,Imóvel,"R$71.000,00","R$35.880,00",207,"R$441,00","R$91.287,00",,,Serello,Disponível
13472-4,Imóvel,"R$71.000,00","R$35.880,00",213,"R$440,00","R$93.720,00",,,Serello,Disponível
13466-4,Imóvel,"R$71.763,00","R$36.964,74",209,"R$437,00","R$91.333,00",,,Serello,Disponível
13467-4,Imóvel,"R$71.853,00","R$36.962,94",209,"R$437,00","R$91.333,00",,,Serello,Disponível
13122-4,Imóvel,"R$72.054,00","R$34.258,92",120,"R$654,00","R$78.480,00","R$64.228,01","R$80.285,01",HS Consórcios,Disponível
13094-4,Imóvel,"R$72.477,00","R$35.050,46",123,"R$626,00","R$76.998,00","R$63.077,04","R$78.846,30",HS Consórcios,Disponível
13068-4,Imóvel,"R$73.290,00","R$35.434,20",116,"R$660,00","R$76.560,00","R$62.997,94","R$78.747,43",HS Consórcios,Disponível
13203-4,Imóvel,"R$73.824,00","R$34.323,52",150,"R$624,00","R$93.600,00","R$76.682,56","R$95.853,20",HS Consórcios,Reservada
12803-4,Imóvel,"R$74.429,00","R$32.411,42",103,"R$634,00","R$65.302,00",,,Canopus,Reservada
12657-4,Imóvel,"R$74.900,00","R$36.202,00",160,"R$585,00","R$93.600,00","R$76.767,92","R$95.959,90",HS Consórcios,Disponível
13050-4,Imóvel,"R$75.018,00","R$37.199,64",181,"R$471,00","R$85.251,00",,,Porto Seguro,Reservada
13113-4,Imóvel,"R$75.549,00","R$37.389,02",114,"R$673,00","R$76.722,00","R$62.820,57","R$78.525,71",HS Consórcios,Disponível
13360-4,Imóvel,"R$75.761,00","R$35.384,78",157,"R$621,00","R$97.497,00","R$79.809,15","R$99.761,44",HS Consórcios,Disponível
13066-4,Imóvel,"R$76.102,00","R$37.077,96",170,"R$539,00","R$91.630,00",,,Porto Seguro,Reservada
12654-4,Imóvel,"R$76.145,00","R$38.577,10",158,"R$589,00","R$93.062,00","R$84.389,43","R$105.486,79",HS Consórcios,Disponível
12366-4,Imóvel,"R$76.402,50","R$31.071,95",58,"R$1.377,00","R$79.866,00",,,Embracon,Reservada
13300-4,Imóvel,"R$77.057,00","R$32.358,86",170,"R$551,00","R$93.670,00",,,CNP Consórcio,Disponível
12915-4,Imóvel,"R$77.322,00","R$37.053,56",158,"R$604,00","R$95.432,00","R$78.379,61","R$97.974,51",HS Consórcios,Disponível
13114-4,Imóvel,"R$77.396,00","R$36.752,08",163,"R$602,00","R$98.126,00","R$80.536,24","R$100.670,30",HS Consórcios,Disponível
13159-4,Imóvel,"R$77.396,00","R$36.752,08",163,"R$591,00","R$96.333,00","R$79.276,41","R$99.095,51",HS Consórcios,Disponível
13286-4,Imóvel,"R$77.476,00","R$37.850,48",160,"R$590,00","R$94.400,00","R$77.171,98","R$96.464,98",HS Consórcios,Disponível
12981-4,Imóvel,"R$77.658,00","R$38.446,84",158,"R$601,00","R$94.958,00","R$77.816,12","R$97.270,15",HS Consórcios,Disponível
13156-4,Imóvel,"R$78.191,00","R$37.236,18",160,"R$601,00","R$96.160,00","R$79.140,21","R$98.925,26",HS Consórcios,Disponível
13153-4,Imóvel,"R$78.250,00","R$37.235,00",156,"R$637,00","R$99.372,00","R$81.520,06","R$101.900,08",HS Consórcios,Reservada
13319-4,Imóvel,"R$78.563,00","R$36.928,74",140,"R$687,00","R$96.180,00","R$78.513,05","R$98.141,31",HS Consórcios,Disponível
13134-4,Imóvel,"R$78.598,00","R$37.328,04",144,"R$636,00","R$91.584,00","R$75.081,00","R$93.851,25",HS Consórcios,Disponível
13342-4,Imóvel,"R$78.706,00","R$36.725,88",142,"R$710,00","R$100.820,00","R$82.564,21","R$103.205,26",HS Consórcios,Disponível
13136-4,Imóvel,"R$79.785,00","R$38.804,30",133,"R$665,00","R$88.445,00","R$72.431,20","R$90.539,00",HS Consórcios,Disponível
13161-4,Imóvel,"R$79.795,00","R$38.004,10",153,"R$628,00","R$96.084,00","R$78.996,48","R$98.745,60",HS Consórcios,Disponível
13085-4,Imóvel,"R$79.875,00","R$38.002,50",152,"R$640,00","R$97.280,00","R$79.788,98","R$99.736,23",HS Consórcios,Disponível
13280-4,Imóvel,"R$80.012,00","R$40.599,76",158,"R$580,00","R$91.640,00","R$75.131,33","R$93.914,16",HS Consórcios,Disponível
13165-4,Imóvel,"R$80.199,00","R$37.996,02",108,"R$785,00","R$84.780,00","R$68.968,20","R$86.210,25",HS Consórcios,Disponível
13430-4,Imóvel,"R$80.278,00","R$40.094,44",146,"R$629,00","R$91.834,00","R$75.156,98","R$93.946,23",HS Consórcios,Disponível
13072-4,Imóvel,"R$80.486,00","R$37.590,28",142,"R$701,00","R$99.542,00","R$81.556,96","R$101.946,20",HS Consórcios,Disponível
13147-4,Imóvel,"R$80.841,00","R$38.383,18",144,"R$651,00","R$93.744,00","R$76.900,85","R$96.126,06",HS Consórcios,Disponível
12745-4,Imóvel,"R$81.057,00","R$40.078,86",195,"R$504,00","R$98.280,00",,,Porto Seguro,Reservada
13327-4,Imóvel,"R$81.659,00","R$38.166,82",146,"R$680,00","R$99.280,00","R$81.208,87","R$101.511,09",HS Consórcios,Disponível
13413-4,Imóvel,"R$81.900,00","R$35.662,00",160,"R$688,00","R$110.080,00",,,Bradesco,Disponível
13260-4,Imóvel,"R$82.177,00","R$39.856,46",132,"R$687,00","R$90.684,00","R$74.323,58","R$92.904,48",HS Consórcios,Disponível
13139-4,Imóvel,"R$82.417,00","R$38.351,66",138,"R$718,00","R$99.084,00","R$81.173,64","R$101.467,05",HS Consórcios,Reservada
13431-4,Imóvel,"R$82.612,00","R$41.147,76",146,"R$644,00","R$94.024,00","R$77.005,63","R$96.257,04",HS Consórcios,Disponível
13321-4,Imóvel,"R$83.081,27","R$42.438,37",172,"R$420,00","R$72.240,00",,,Porto Seguro,Reservada
13115-4,Imóvel,"R$84.630,00","R$41.007,40",137,"R$695,00","R$95.215,00","R$78.000,00","R$97.500,00",HS Consórcios,Disponível
13071-4,Imóvel,"R$84.810,00","R$40.203,80",138,"R$731,00","R$100.878,00","R$82.594,59","R$103.243,24",HS Consórcios,Disponível
13412-4,Imóvel,"R$84.864,00","R$36.902,72",161,"R$713,00","R$114.793,00",,,Bradesco,Disponível
13067-4,Imóvel,"R$84.916,00","R$40.601,68",174,"R$638,00","R$111.012,00","R$90.279,04","R$112.848,80",HS Consórcios,Disponível
12848-4,Imóvel,"R$85.036,00","R$36.899,28",161,"R$688,00","R$110.768,00",,,Bradesco,Disponível
12660-4,Imóvel,"R$87.632,00","R$42.347,36",133,"R$748,00","R$99.484,00","R$81.064,70","R$101.330,88",HS Consórcios,Disponível
13009-4,Imóvel,"R$89.028,00","R$38.719,44",159,"R$706,00","R$112.254,00",,,Bradesco,Disponível
12170-4,Imóvel,"R$89.207,00","R$42.915,86",226,"R$489,00","R$110.514,00",,,Embracon,Reservada
13310-4,Imóvel,"R$90.273,00","R$41.694,54",235,"R$488,00","R$114.680,00",,,Embracon,Reservada
13273-4,Imóvel,"R$90.686,00","R$40.886,28",172,"R$640,00","R$110.080,00",,,Embracon,Reservada
13236-4,Imóvel,"R$91.493,00","R$42.170,14",228,"R$525,00","R$119.700,00",,,Embracon,Reservada
13117-4,Imóvel,"R$92.416,00","R$46.651,68",75,"R$1.039,00","R$77.925,00","R$63.741,28","R$79.676,60",HS Consórcios,Disponível
13224-4,Imóvel,"R$93.885,00","R$44.522,30",156,"R$750,00","R$117.000,00","R$96.311,07","R$120.388,84",HS Consórcios,Disponível
12448-4,Imóvel,"R$94.083,00","R$44.218,34",232,"R$486,00","R$112.752,00",,,Embracon,Reservada
13315-4,Imóvel,"R$95.518,00","R$46.389,64",145,"R$764,00","R$110.780,00","R$90.844,57","R$113.555,71",HS Consórcios,Disponível
13405-4,Imóvel,"R$95.722,00","R$45.485,56",151,"R$758,00","R$114.458,00","R$93.865,54","R$117.331,93",HS Consórcios,Disponível
12447-4,Imóvel,"R$95.930,00","R$43.581,40",229,"R$492,00","R$112.668,00",,,Embracon,Reservada
12339-4,Imóvel,"R$96.288,00","R$43.674,24",226,"R$524,00","R$118.424,00",,,Embracon,Reservada
12435-4,Imóvel,"R$96.938,00","R$43.761,24",86,"R$1.277,00","R$109.822,00",,,Embracon,Reservada
13383-4,Imóvel,"R$97.100,00","R$43.758,00",237,"R$554,00","R$131.298,00",,,Embracon,Reservada
13357-4,Imóvel,"R$97.603,00","R$48.347,94",114,"R$867,00","R$98.838,00","R$80.939,42","R$101.174,28",HS Consórcios,Disponível
13277-4,Imóvel,"R$97.664,00","R$45.446,72",116,"R$958,00","R$111.128,00","R$90.932,30","R$113.665,38",HS Consórcios,Reservada
13508-4,Imóvel,"R$98.000,00","R$50.140,00",230,"R$425,00","R$97.750,00",,,Porto Seguro,Disponível
11403-4,Imóvel,"R$98.310,00","R$41.433,80",176,"R$824,00","R$145.024,00",,,Rodobens,Reservada
13434-4,Imóvel,"R$98.882,00","R$49.522,36",215,"R$566,00","R$121.690,00",,,Serello,Disponível
13507-4,Imóvel,"R$98.892,00","R$49.522,16",194,"R$510,00","R$98.940,00",,,Porto Seguro,Disponível
13471-4,Imóvel,"R$99.360,00","R$49.812,80",208,"R$574,00","R$119.392,00",,,Serello,Disponível
13283-4,Imóvel,"R$100.196,00","R$52.496,08",145,"R$767,00","R$111.215,00","R$91.049,73","R$113.812,16",HS Consórcios,Disponível
13411-4,Imóvel,"R$100.317,00","R$43.593,66",179,"R$779,00","R$139.441,00",,,Bradesco,Disponível
13332-4,Imóvel,"R$101.076,00","R$49.578,48",223,"R$505,00","R$112.615,00",,,Santander,Reservada
13076-4,Imóvel,"R$101.195,00","R$44.076,10",179,"R$775,00","R$138.725,00",,,Bradesco,Disponível
13188-4,Imóvel,"R$102.222,00","R$48.755,56",66,"R$1.192,00","R$78.672,00",,,Porto Seguro,Disponível
13166-4,Imóvel,"R$103.314,00","R$45.033,72",172,"R$717,00","R$123.324,00",,,Bradesco,Disponível
13251-4,Imóvel,"R$103.370,00","R$49.032,60",111,"R$977,00","R$108.447,00","R$88.768,41","R$110.960,51",HS Consórcios,Disponível
13093-4,Imóvel,"R$103.698,00","R$49.226,04",152,"R$888,00","R$134.976,00","R$109.344,08","R$136.680,10",HS Consórcios,Disponível
13493-4,Imóvel,"R$104.221,00","R$45.915,58",169,"R$726,00","R$122.694,00",,,Bradesco,Disponível
13081-4,Imóvel,"R$104.999,00","R$52.400,02",113,"R$936,00","R$105.768,00","R$86.319,51","R$107.899,39",HS Consórcios,Disponível
13495-4,Imóvel,"R$105.989,00","R$46.780,22",170,"R$662,00","R$112.540,00",,,CNP Consórcio,Disponível
13128-4,Imóvel,"R$107.248,00","R$49.955,04",100,"R$1.156,00","R$115.600,00","R$94.553,31","R$118.191,64",HS Consórcios,Reservada
12577-4,Imóvel,"R$107.333,00","R$49.453,34",166,"R$693,00","R$115.038,00",,,Embracon,Reservada
13137-4,Imóvel,"R$108.010,00","R$52.439,80",119,"R$948,00","R$112.812,00","R$92.396,31","R$115.495,39",HS Consórcios,Disponível
13212-4,Imóvel,"R$108.056,00","R$52.438,88",119,"R$948,00","R$112.812,00","R$92.392,79","R$115.490,99",HS Consórcios,Disponível
12976-4,Imóvel,"R$108.362,00","R$54.332,76",183,"R$671,00","R$122.793,00",,,Porto Seguro,Reservada
13232-4,Imóvel,"R$110.618,00","R$55.387,64",183,"R$668,00","R$122.244,00",,,Porto Seguro,Reservada
13299-4,Imóvel,"R$110.640,00","R$50.887,20",186,"R$671,00","R$124.806,00",,,Embracon,Reservada
13046-4,Imóvel,"R$110.867,00","R$54.582,66",77,"R$1.298,00","R$99.946,00","R$81.269,20","R$101.586,50",HS Consórcios,Disponível
13121-4,Imóvel,"R$111.286,00","R$52.774,28",88,"R$1.194,00","R$105.072,00","R$86.153,20","R$107.691,50",HS Consórcios,Disponível
12088-4,Imóvel,"R$111.616,00","R$55.167,68",147,"R$775,00","R$113.925,00",,,MyCon,Disponível
11798-4,Imóvel,"R$112.984,00","R$53.740,32",186,"R$672,00","R$124.992,00",,,Rodobens,Reservada
12751-4,Imóvel,"R$112.984,00","R$50.740,32",216,"R$622,00","R$134.352,00",,,Magalu,Disponível
13187-4,Imóvel,"R$113.319,00","R$55.133,62",166,"R$775,00","R$128.650,00",,,Porto Seguro,Reservada
13328-4,Imóvel,"R$113.502,00","R$56.129,96",141,"R$891,00","R$125.631,00","R$102.773,84","R$128.467,30",HS Consórcios,Disponível
13429-4,Imóvel,"R$113.838,00","R$58.423,24",146,"R$839,00","R$122.494,00","R$100.293,61","R$125.367,01",HS Consórcios,Disponível
13323-4,Imóvel,"R$113.870,00","R$45.622,60",230,"R$754,00","R$173.420,00",,,Magalu,Disponível
12473-4,Imóvel,"R$114.152,00","R$55.116,96",138,"R$993,00","R$137.034,00","R$111.754,63","R$139.693,29",HS Consórcios,Disponível
13350-4,Imóvel,"R$114.232,00","R$56.115,36",108,"R$1.040,00","R$112.320,00","R$91.791,83","R$114.739,79",HS Consórcios,Disponível
12813-4,Imóvel,"R$115.761,00","R$48.784,78",172,"R$878,00","R$151.016,00",,,CNP Consórcio,Reservada
12769-4,Imóvel,"R$118.215,89","R$53.335,68",229,"R$655,00","R$149.995,00",,,Embracon,Reservada
13318-4,Imóvel,"R$118.308,00","R$56.733,84",130,"R$981,00","R$127.530,00","R$104.058,14","R$130.072,68",HS Consórcios,Disponível
13118-4,Imóvel,"R$119.141,00","R$56.617,18",148,"R$958,00","R$141.784,00","R$116.280,04","R$145.350,05",HS Consórcios,Disponível
12724-4,Imóvel,"R$119.913,00","R$51.401,74",183,"R$830,00","R$151.890,00",,,CNP Consórcio,Reservada
13409-4,Imóvel,"R$120.283,00","R$52.894,34",190,"R$839,00","R$159.410,00",,,Bradesco,Disponível
12652-4,Imóvel,"R$121.039,00","R$49.679,22",50,"R$2.645,00","R$132.250,00",,,Embracon,Reservada
12116-4,Imóvel,"R$121.304,00","R$64.373,92",148,"R$757,00","R$112.036,00",,,Porto Seguro,Reservada
13087-4,Imóvel,"R$122.924,00","R$58.341,52",134,"R$1.061,00","R$142.174,00","R$116.464,21","R$145.580,26",HS Consórcios,Disponível
13091-4,Imóvel,"R$123.056,00","R$58.438,88",153,"R$965,00","R$147.645,00","R$121.350,40","R$151.688,00",HS Consórcios,Disponível
12661-4,Imóvel,"R$131.176,00","R$63.276,48",134,"R$1.156,00","R$154.904,00","R$126.319,37","R$157.899,21",HS Consórcios,Disponível
12653-4,Imóvel,"R$131.812,00","R$60.663,76",228,"R$840,00","R$191.520,00",,,Embracon,Reservada
13132-4,Imóvel,"R$133.661,00","R$65.526,78",168,"R$868,00","R$145.824,00",,,Porto Seguro,Reservada
13297-4,Imóvel,"R$134.132,00","R$67.717,36",153,"R$1.001,00","R$153.153,00","R$125.539,26","R$156.924,08",HS Consórcios,Disponível
13341-4,Imóvel,"R$135.200,00","R$62.896,00",162,"R$1.058,00","R$171.396,00","R$140.758,02","R$175.947,53",HS Consórcios,Reservada
13279-4,Imóvel,"R$135.496,00","R$69.090,08",184,"R$917,00","R$168.728,00","R$140.123,48","R$175.154,35",HS Consórcios,Disponível
13102-4,Imóvel,"R$138.932,00","R$71.421,36",119,"R$1.141,00","R$135.779,00","R$111.599,02","R$139.498,78",HS Consórcios,Disponível
12898-4,Imóvel,"R$140.010,00","R$71.199,80",194,"R$950,00","R$184.300,00","R$150.234,00","R$187.792,50",HS Consórcios,Disponível
13162-4,Imóvel,"R$140.053,00","R$65.298,94",148,"R$1.046,00","R$154.808,00",,,Racon Consórcios,Reservada
12908-4,Imóvel,"R$140.710,00","R$70.885,80",194,"R$946,00","R$183.524,00","R$148.660,60","R$185.825,75",HS Consórcios,Disponível
13406-4,Imóvel,"R$140.960,00","R$71.180,80",196,"R$948,00","R$185.808,00","R$151.208,60","R$189.010,75",HS Consórcios,Disponível
13278-4,Imóvel,"R$141.391,00","R$71.372,18",197,"R$946,00","R$186.362,00","R$151.488,60","R$189.360,75",HS Consórcios,Disponível
12208-4,Imóvel,"R$143.256,00","R$73.834,88",184,"R$1.023,00","R$188.232,00","R$155.073,92","R$193.842,40",HS Consórcios,Disponível
12945-4,Imóvel,"R$143.666,00","R$71.426,68",186,"R$984,00","R$183.024,00","R$150.053,40","R$187.566,75",HS Consórcios,Disponível
12552-4,Imóvel,"R$144.097,00","R$72.118,06",186,"R$980,00","R$182.280,00","R$148.945,40","R$186.181,75",HS Consórcios,Disponível
13042-4,Imóvel,"R$144.153,00","R$73.216,94",190,"R$979,00","R$186.010,00","R$152.225,80","R$190.282,25",HS Consórcios,Disponível
13402-4,Imóvel,"R$145.754,00","R$67.984,92",203,"R$930,00","R$188.790,00",,,Racon Consórcios,Reservada
12445-4,Imóvel,"R$145.795,00","R$67.184,10",225,"R$836,00","R$188.100,00",,,Embracon,Reservada
13374-4,Imóvel,"R$147.603,00","R$68.547,94",152,"R$1.229,00","R$186.808,00","R$153.332,50","R$191.665,63",HS Consórcios,Disponível
13449-4,Imóvel,"R$148.679,00","R$70.126,42",115,"R$1.383,00","R$159.045,00","R$130.287,53","R$162.859,41",HS Consórcios,Disponível
13435-4,Imóvel,"R$149.100,00","R$76.718,00",174,"R$1.058,00","R$184.092,00",,,Serello,Disponível
10519-4,Imóvel,"R$149.155,00","R$57.516,90",65,"R$2.370,00","R$154.050,00",,,Embracon,Reservada
12446-4,Imóvel,"R$151.053,00","R$69.578,94",224,"R$838,00","R$187.712,00",,,Embracon,Reservada
12666-4,Imóvel,"R$152.585,00","R$71.848,30",190,"R$851,00","R$161.690,00",,,Embracon,Reservada
13070-4,Imóvel,"R$153.373,00","R$76.132,54",194,"R$930,00","R$180.420,00",,,Porto Seguro,Reservada
13391-4,Imóvel,"R$154.453,00","R$77.910,94",181,"R$1.078,00","R$195.118,00","R$160.157,79","R$200.197,24",HS Consórcios,Disponível
13092-4,Imóvel,"R$155.082,00","R$78.298,36",179,"R$1.072,00","R$191.888,00","R$157.562,44","R$196.953,05",HS Consórcios,Disponível
12109-4,Imóvel,"R$155.316,00","R$73.193,68",48,"R$2.474,00","R$118.752,00",,,Embracon,Reservada
13173-4,Imóvel,"R$157.389,00","R$79.752,22",176,"R$1.145,00","R$201.520,00",,,Serello,Disponível
13284-4,Imóvel,"R$160.000,00","R$80.000,00",194,"R$983,00","R$190.702,00",,,Porto Seguro,Reservada
12682-4,Imóvel,"R$163.960,00","R$72.020,80",183,"R$1.078,00","R$197.274,00",,,Embracon,Reservada
13509-4,Imóvel,"R$165.328,00","R$66.293,44",92,"R$2.190,00","R$201.480,00",,,Magalu,Disponível
13516-4,Imóvel,"R$165.410,00","R$66.391,80",92,"R$2.190,00","R$201.480,00",,,Magalu,Disponível
13415-4,Imóvel,"R$165.451,00","R$83.390,98",144,"R$1.284,00","R$184.896,00","R$151.415,64","R$189.269,55",HS Consórcios,Disponível
13012-4,Imóvel,"R$165.493,00","R$66.390,14",93,"R$2.144,00","R$199.392,00",,,Magalu,Reservada
12139-4,Imóvel,"R$168.560,00","R$68.728,80",60,"R$2.364,00","R$141.840,00",,,Embracon,Reservada
12767-4,Imóvel,"R$170.925,00","R$78.681,50",223,"R$932,00","R$207.836,00",,,Embracon,Reservada
13375-4,Imóvel,"R$173.199,00","R$81.436,02",64,"R$2.545,00","R$162.880,00","R$133.472,71","R$166.840,89",HS Consórcios,Disponível
13326-4,Imóvel,"R$176.200,00","R$88.976,00",196,"R$1.185,00","R$232.260,00","R$189.569,00","R$236.961,25",HS Consórcios,Disponível
13127-4,Imóvel,"R$176.912,00","R$81.461,76",135,"R$1.142,00","R$154.170,00",,,Embracon,Reservada
13098-4,Imóvel,"R$177.855,00","R$84.342,90",143,"R$1.440,00","R$205.920,00","R$168.904,97","R$211.131,21",HS Consórcios,Disponível
13109-4,Imóvel,"R$180.671,00","R$85.686,58",121,"R$1.626,00","R$196.746,00","R$161.167,28","R$201.459,10",HS Consórcios,Disponível
12213-4,Imóvel,"R$183.324,00","R$90.833,52",148,"R$1.390,00","R$205.720,00",,,MyCon,Disponível
12800-4,Imóvel,"R$187.190,00","R$95.756,20",179,"R$1.312,00","R$234.848,00","R$192.293,65","R$240.367,06",HS Consórcios,Disponível
12816-4,Imóvel,"R$188.744,00","R$98.225,12",147,"R$1.220,00","R$179.340,00",,,Porto Seguro,Reservada
12844-4,Imóvel,"R$192.384,00","R$97.652,32",182,"R$1.324,00","R$240.968,00","R$197.548,68","R$246.935,85",HS Consórcios,Disponível
12860-4,Imóvel,"R$192.970,00","R$97.840,60",182,"R$1.324,00","R$240.968,00","R$197.548,68","R$246.935,85",HS Consórcios,Disponível
13293-4,Imóvel,"R$196.693,00","R$96.466,14",184,"R$1.188,00","R$218.592,00",,,Porto Seguro,Reservada
12544-4,Imóvel,"R$197.608,00","R$88.247,84",214,"R$1.052,00","R$225.128,00",,,Embracon,Reservada
12802-4,Imóvel,"R$199.980,00","R$85.000,40",94,"R$2.543,00","R$239.042,00",,,Embracon,Reservada
12811-4,Imóvel,"R$200.183,00","R$84.196,34",127,"R$1.657,00","R$210.439,00",,,CNP Consórcio,Reservada
13051-4,Imóvel,"R$204.510,00","R$92.009,80",236,"R$1.082,00","R$255.352,00",,,Embracon,Reservada
11532-4,Imóvel,"R$208.548,00","R$90.829,04",102,"R$2.778,00","R$283.356,00",,,Canopus,Reservada
12795-4,Imóvel,"R$212.687,00","R$97.946,26",190,"R$1.348,00","R$256.120,00",,,Embracon,Reservada
12605-4,Imóvel,"R$213.858,00","R$98.422,84",224,"R$1.166,00","R$261.184,00",,,Embracon,Reservada
12705-4,Imóvel,"R$218.534,00","R$111.529,32",179,"R$1.385,00","R$247.915,00","R$202.570,34","R$253.212,93",HS Consórcios,Reservada
13124-4,Imóvel,"R$220.980,00","R$103.280,40",197,"R$1.398,00","R$275.406,00",,,Racon Consórcios,Reservada
12768-4,Imóvel,"R$223.382,00","R$102.832,36",169,"R$1.528,00","R$258.232,00",,,Magalu,Reservada
12791-4,Imóvel,"R$223.723,00","R$113.325,54",173,"R$1.765,00","R$305.345,00","R$250.111,77","R$312.639,71",HS Consórcios,Disponível
13011-4,Imóvel,"R$223.984,00","R$88.120,32",103,"R$2.399,00","R$247.097,00",,,Magalu,Disponível
12786-4,Imóvel,"R$224.883,00","R$112.802,34",176,"R$1.583,00","R$278.608,00","R$228.198,68","R$285.248,35",HS Consórcios,Disponível
13501-4,Imóvel,"R$228.797,00","R$105.324,06",227,"R$1.392,00","R$315.984,00",,,Embracon,Reservada
12651-4,Imóvel,"R$232.112,00","R$94.457,76",71,"R$3.222,00","R$228.762,00",,,Magalu,Reservada
12701-4,Imóvel,"R$233.612,00","R$105.527,76",128,"R$2.134,00","R$273.152,00",,,Magalu,Reservada
12950-4,Imóvel,"R$234.834,00","R$114.603,32",157,"R$1.809,00","R$284.013,00","R$232.616,25","R$290.770,31",HS Consórcios,Disponível
12916-4,Imóvel,"R$242.618,00","R$121.747,64",163,"R$1.859,00","R$303.017,00","R$248.276,33","R$310.345,41",HS Consórcios,Disponível
13151-4,Imóvel,"R$244.481,00","R$115.910,38",170,"R$1.830,00","R$311.100,00","R$255.498,03","R$319.372,54",HS Consórcios,Disponível
12851-4,Imóvel,"R$252.438,00","R$129.751,24",177,"R$1.836,00","R$324.972,00",,,Serello,Disponível
13314-4,Imóvel,"R$254.637,00","R$124.207,26",170,"R$1.737,00","R$295.290,00",,,Porto Seguro,Reservada
12839-4,Imóvel,"R$254.974,00","R$127.900,52",186,"R$1.848,00","R$343.728,00","R$281.907,28","R$352.384,10",HS Consórcios,Disponível
12801-4,Imóvel,"R$260.893,00","R$133.082,14",173,"R$1.745,00","R$301.885,00","R$246.563,51","R$308.204,39",HS Consórcios,Disponível
12715-4,Imóvel,"R$262.572,00","R$126.348,56",137,"R$2.151,00","R$294.687,00","R$241.479,42","R$301.849,28",HS Consórcios,Disponível
13229-4,Imóvel,"R$264.215,00","R$135.115,70",147,"R$1.932,00","R$284.004,00","R$232.213,20","R$290.266,50",HS Consórcios,Disponível
633-15,Imóvel,"R$272.363,96","R$73.618,20",39,"R$7.802,02","R$304.278,78","R$0,00","R$0,00",Itaú,Reservada
13512-4,Imóvel,"R$288.084,00","R$141.338,32",137,"R$2.283,00","R$312.771,00",,,Porto Seguro,Disponível
12656-4,Imóvel,"R$291.941,00","R$147.561,18",95,"R$2.957,00","R$280.915,00","R$228.569,38","R$285.711,73",HS Consórcios,Disponível
13477-4,Imóvel,"R$295.829,00","R$142.183,42",184,"R$2.254,00","R$414.736,00",,,Porto Seguro,Disponível
13474-4,Imóvel,"R$297.271,00","R$151.754,58",216,"R$1.689,00","R$364.824,00",,,Serello,Disponível
13376-4,Imóvel,"R$299.375,00","R$151.112,50",185,"R$2.069,00","R$382.765,00","R$313.899,12","R$392.373,90",HS Consórcios,Disponível
13243-4,Imóvel,"R$311.650,00","R$157.167,00",142,"R$2.393,00","R$339.806,00","R$278.683,91","R$348.354,89",HS Consórcios,Disponível
13250-4,Imóvel,"R$315.543,00","R$161.089,14",159,"R$1.994,00","R$317.046,00",,,Porto Seguro,Reservada
12834-4,Imóvel,"R$316.282,00","R$155.474,36",165,"R$1.720,00","R$283.800,00",,,Santander,Reservada
12667-4,Imóvel,"R$316.772,00","R$164.464,56",176,"R$2.105,00","R$370.480,00","R$302.653,82","R$378.317,28",HS Consórcios,Disponível
13384-4,Imóvel,"R$318.000,00","R$152.740,00",197,"R$1.997,00","R$393.409,00",,,Racon Consórcios,Reservada
13476-4,Imóvel,"R$319.268,00","R$159.314,64",182,"R$2.026,00","R$368.732,00",,,Porto Seguro,Disponível
13252-4,Imóvel,"R$327.934,00","R$167.441,32",170,"R$2.260,00","R$384.200,00","R$314.682,64","R$393.353,30",HS Consórcios,Disponível
13195-4,Imóvel,"R$331.812,00","R$165.963,76",179,"R$1.950,00","R$349.050,00",,,Porto Seguro,Reservada
13039-4,Imóvel,"R$340.418,00","R$172.991,64",147,"R$2.630,00","R$386.610,00","R$316.690,05","R$395.862,56",HS Consórcios,Disponível
13096-4,Imóvel,"R$344.335,00","R$178.213,30",157,"R$2.533,00","R$397.681,00","R$325.495,47","R$406.869,34",HS Consórcios,Disponível
12928-4,Imóvel,"R$349.683,00","R$180.906,34",206,"R$2.182,00","R$449.492,00","R$369.589,00","R$461.986,25",HS Consórcios,Disponível
12681-4,Imóvel,"R$350.360,00","R$180.992,80",211,"R$2.160,00","R$455.760,00","R$371.453,50","R$464.316,88",HS Consórcios,Disponível
13086-4,Imóvel,"R$360.250,00","R$185.295,00",206,"R$2.226,00","R$458.556,00","R$377.512,00","R$471.890,00",HS Consórcios,Disponível
13141-4,Imóvel,"R$360.889,00","R$185.582,22",206,"R$2.226,00","R$458.556,00","R$377.512,00","R$471.890,00",HS Consórcios,Disponível
13465-4,Imóvel,"R$361.342,00","R$186.073,16",204,"R$2.369,00","R$483.276,00",,,Serello,Disponível
13254-4,Imóvel,"R$362.006,00","R$186.059,88",206,"R$2.397,00","R$493.782,00","R$406.375,30","R$507.969,13",HS Consórcios,Disponível
12953-4,Imóvel,"R$372.608,00","R$189.547,84",153,"R$3.102,00","R$474.606,00","R$390.168,87","R$487.711,09",HS Consórcios,Disponível
12924-4,Imóvel,"R$373.342,00","R$189.533,16",202,"R$2.368,00","R$478.336,00","R$393.301,07","R$491.626,34",HS Consórcios,Disponível
12936-4,Imóvel,"R$382.229,00","R$193.855,42",202,"R$2.435,00","R$491.870,00","R$404.304,14","R$505.380,18",HS Consórcios,Disponível
12919-4,Imóvel,"R$384.935,00","R$195.301,30",196,"R$2.488,00","R$487.648,00","R$400.811,11","R$501.013,89",HS Consórcios,Disponível
12837-4,Imóvel,"R$384.967,00","R$195.300,66",196,"R$2.456,00","R$481.376,00","R$395.778,38","R$494.722,98",HS Consórcios,Disponível
13112-4,Imóvel,"R$387.423,00","R$199.151,54",196,"R$2.470,00","R$484.120,00","R$398.378,49","R$497.973,11",HS Consórcios,Disponível
13316-4,Imóvel,"R$389.135,00","R$200.017,30",196,"R$2.455,00","R$481.180,00","R$395.930,28","R$494.912,85",HS Consórcios,Disponível
13097-4,Imóvel,"R$392.681,00","R$193.646,38",183,"R$2.978,00","R$544.974,00","R$445.712,14","R$557.140,18",HS Consórcios,Disponível
13324-4,Imóvel,"R$404.027,00","R$210.119,46",233,"R$2.027,00","R$472.291,00",,,Porto Seguro,Reservada
13019-4,Imóvel,"R$404.960,00","R$213.800,80",196,"R$2.412,00","R$472.752,00","R$388.254,06","R$485.317,58",HS Consórcios,Disponível
13226-4,Imóvel,"R$411.652,00","R$205.866,96",135,"R$3.009,00","R$406.215,00",,,Porto Seguro,Reservada
13312-4,Imóvel,"R$414.206,00","R$185.615,88",133,"R$3.505,00","R$466.165,00",,,Embracon,Reservada
12202-4,Imóvel,"R$418.972,00","R$219.720,56",172,"R$2.711,00","R$466.292,00","R$381.114,92","R$476.393,65",HS Consórcios,Disponível
13421-4,Imóvel,"R$420.904,00","R$216.381,92",176,"R$2.788,00","R$490.688,00","R$403.525,90","R$504.407,38",HS Consórcios,Disponível
13460-4,Imóvel,"R$439.600,00","R$212.808,00",146,"R$3.497,00","R$510.562,00","R$418.543,95","R$523.179,94",HS Consórcios,Disponível
13394-4,Imóvel,"R$440.642,00","R$220.387,16",142,"R$3.311,00","R$470.162,00","R$385.685,96","R$482.107,45",HS Consórcios,Disponível
13206-4,Imóvel,"R$451.873,00","R$220.662,54",193,"R$3.140,00","R$606.020,00",,,Gazin,Disponível
11618-4,Imóvel,"R$462.680,00","R$199.046,40",105,"R$4.798,00","R$503.790,00",,,Magalu,Reservada
11619-4,Imóvel,"R$487.172,00","R$208.756,56",101,"R$5.208,00","R$526.008,00",,,Magalu,Disponível
13464-4,Imóvel,"R$491.945,00","R$251.361,10",204,"R$3.021,00","R$616.284,00",,,Serello,Reservada
13292-4,Imóvel,"R$493.044,00","R$231.839,12",96,"R$4.840,00","R$464.640,00",,,Magalu,Disponível
11895-4,Imóvel,"R$527.559,00","R$256.048,82",190,"R$3.727,00","R$708.130,00","R$574.856,79","R$718.570,99",HS Consórcios,Disponível
13448-4,Imóvel,"R$532.466,00","R$254.750,68",205,"R$3.266,00","R$669.530,00",,,Gazin,Disponível
13453-4,Imóvel,"R$538.460,00","R$253.230,80",185,"R$3.401,00","R$629.185,00",,,Magalu,Reservada
13416-4,Imóvel,"R$543.900,00","R$279.422,00",202,"R$3.367,00","R$680.134,00",,,Serello,Disponível
13370-4,Imóvel,"R$548.719,00","R$252.525,62",233,"R$2.877,00","R$670.341,00",,,Embracon,Reservada
13290-4,Imóvel,"R$617.786,00","R$312.144,28",96,"R$6.011,00","R$577.056,00","R$470.030,42","R$587.538,03",HS Consórcios,Disponível
13456-4,Imóvel,"R$629.520,00","R$321.109,60",184,"R$3.879,00","R$713.736,00",,,Porto Seguro,Reservada
13084-4,Imóvel,"R$654.612,00","R$329.907,76",172,"R$4.709,00","R$809.948,00","R$660.776,32","R$825.970,40",HS Consórcios,Disponível
12736-4,Imóvel,"R$665.762,00","R$346.184,76",172,"R$4.425,00","R$761.100,00","R$623.120,04","R$778.900,05",HS Consórcios,Disponível
13111-4,Imóvel,"R$702.750,00","R$368.545,00",228,"R$4.022,00","R$917.016,00","R$747.263,00","R$934.078,75",HS Consórcios,Disponível
13473-4,Imóvel,"R$737.940,00","R$376.541,20",182,"R$4.639,00","R$844.298,00",,,Porto Seguro,Disponível
12355-4,Imóvel,"R$769.345,00","R$402.113,10",196,"R$4.985,00","R$977.060,00","R$797.950,19","R$997.437,74",HS Consórcios,Disponível
13160-4,Imóvel,"R$772.484,00","R$399.550,32",83,"R$7.161,00","R$594.363,00",,,Santander,Reservada
13120-4,Imóvel,"R$774.846,00","R$398.203,08",196,"R$4.742,00","R$929.432,00","R$778.271,46","R$972.839,33",HS Consórcios,Disponível
12975-4,Imóvel,"R$806.289,00","R$416.974,22",190,"R$5.193,00","R$986.670,00","R$811.013,07","R$1.013.766,34",HS Consórcios,Disponível
12049-4,Imóvel,"R$812.648,00","R$422.647,04",137,"R$6.425,00","R$880.225,00",,,Porto Seguro,Reservada
11980-4,Imóvel,"R$935.266,00","R$465.394,68",190,"R$6.143,00","R$1.167.170,00","R$956.506,12","R$1.195.632,65",HS Consórcios,Disponível
12717-4,Imóvel,"R$1.054.065,00","R$544.818,70",196,"R$6.973,00","R$1.366.708,00","R$1.114.019,27","R$1.392.524,09",HS Consórcios,Disponível